{
  "manifest": "/home/bear/engagement-cpu/scripts/../checkpoints/runs/train_all_train_all_20260529_170448/rnn_manifest.local.csv",
  "checkpoint": "/home/bear/engagement-cpu/scripts/../checkpoints/runs/train_all_train_all_20260529_170448/rnn_gru/engagement_gru.pt",
  "split": "test",
  "rows": 17986,
  "videos": 1784,
  "batch_size": 128,
  "threshold": 0.6299999999999997,
  "aggregation": "video",
  "loss": 0.6873647715031842,
  "metrics": {
    "accuracy": 0.7197309417040358,
    "precision_pos": 0.9424460431654677,
    "recall_pos": 0.6348949919224556,
    "f1_pos": 0.7586872586872586,
    "precision_neg": 0.5242105263157895,
    "recall_neg": 0.9120879120879121,
    "f1_neg": 0.6657754010695186,
    "balanced_accuracy": 0.7734914520051839,
    "f1_macro": 0.7122313298783887,
    "tp": 786.0,
    "tn": 498.0,
    "fp": 48.0,
    "fn": 452.0
  },
  "row_metrics": {
    "accuracy": 0.6909262759924386,
    "precision_pos": 0.9086838694473901,
    "recall_pos": 0.617157490396927,
    "f1_pos": 0.7350712481532669,
    "precision_neg": 0.4963680387409201,
    "recall_neg": 0.8588342440801457,
    "f1_neg": 0.6291280272199613,
    "balanced_accuracy": 0.7379958672385364,
    "f1_macro": 0.6820996376866141,
    "tp": 7712.0,
    "tn": 4715.0,
    "fp": 775.0,
    "fn": 4784.0
  },
  "video_metrics": {
    "accuracy": 0.7197309417040358,
    "precision_pos": 0.9424460431654677,
    "recall_pos": 0.6348949919224556,
    "f1_pos": 0.7586872586872586,
    "precision_neg": 0.5242105263157895,
    "recall_neg": 0.9120879120879121,
    "f1_neg": 0.6657754010695186,
    "balanced_accuracy": 0.7734914520051839,
    "f1_macro": 0.7122313298783887,
    "tp": 786.0,
    "tn": 498.0,
    "fp": 48.0,
    "fn": 452.0
  },
  "model_kwargs": {
    "model_name": "gru",
    "input_size": 90,
    "hidden_size": 192,
    "num_layers": 3,
    "dropout": 0.25,
    "num_heads": 4,
    "kernel_size": 5,
    "tcn_blocks": 4,
    "max_seq_len": 30
  }
}