{
  "manifest": "/home/bear/engagement-cpu/scripts/../checkpoints/runs/train_all_pca300_20260608_043415/rnn_manifest.local.csv",
  "checkpoint": "/home/bear/engagement-cpu/scripts/../checkpoints/runs/train_all_pca300_20260608_043415/rnn_gru/engagement_gru.pt",
  "split": "test",
  "rows": 3568,
  "videos": 892,
  "batch_size": 128,
  "threshold": 0.5599999999999997,
  "aggregation": "video",
  "loss": 0.9793025578618584,
  "metrics": {
    "accuracy": 0.5728699551569507,
    "precision_pos": 0.7438524590163934,
    "recall_pos": 0.5864297253634895,
    "f1_pos": 0.6558265582655827,
    "precision_neg": 0.36633663366336633,
    "recall_neg": 0.5421245421245421,
    "f1_neg": 0.4372230428360413,
    "balanced_accuracy": 0.5642771337440158,
    "f1_macro": 0.546524800550812,
    "tp": 363.0,
    "tn": 148.0,
    "fp": 125.0,
    "fn": 256.0
  },
  "row_metrics": {
    "accuracy": 0.5596973094170403,
    "precision_pos": 0.7397986221515633,
    "recall_pos": 0.5638126009693053,
    "f1_pos": 0.6399266559706625,
    "precision_neg": 0.35752528256989885,
    "recall_neg": 0.5503663003663004,
    "f1_neg": 0.433465560764515,
    "balanced_accuracy": 0.5570894506678028,
    "f1_macro": 0.5366961083675887,
    "tp": 1396.0,
    "tn": 601.0,
    "fp": 491.0,
    "fn": 1080.0
  },
  "video_metrics": {
    "accuracy": 0.5728699551569507,
    "precision_pos": 0.7438524590163934,
    "recall_pos": 0.5864297253634895,
    "f1_pos": 0.6558265582655827,
    "precision_neg": 0.36633663366336633,
    "recall_neg": 0.5421245421245421,
    "f1_neg": 0.4372230428360413,
    "balanced_accuracy": 0.5642771337440158,
    "f1_macro": 0.546524800550812,
    "tp": 363.0,
    "tn": 148.0,
    "fp": 125.0,
    "fn": 256.0
  },
  "model_kwargs": {
    "model_name": "gru",
    "input_size": 90,
    "hidden_size": 192,
    "num_layers": 3,
    "dropout": 0.25,
    "num_heads": 4,
    "kernel_size": 5,
    "tcn_blocks": 4,
    "max_seq_len": 30
  }
}