{
  "model_name": "hybrid",
  "model_family": "neural",
  "status": "success",
  "run_dir": "checkpoints/runs/train_all_4class_gpu_final/hybrid",
  "checkpoint_path": "checkpoints/runs/train_all_4class_gpu_final/hybrid/hybrid.pt",
  "model_kwargs": {
    "hidden_size": 128,
    "num_layers": 2,
    "dropout": 0.25,
    "num_heads": 4,
    "max_seq_len": 30,
    "input_size": 90,
    "kernel_size": 5,
    "tcn_blocks": 4,
    "num_classes": 4
  },
  "objective": "balanced_accuracy",
  "best_epoch": 2,
  "best_score": 0.35331376807231135,
  "best_val_row_metrics": {
    "accuracy": 0.34079776067179846,
    "balanced_accuracy": 0.340928324265,
    "f1_macro": 0.2717952395117764,
    "precision_macro": 0.29178756394397776,
    "recall_macro": 0.340928324265,
    "precision_per_class": [
      0.06750572082379863,
      0.12852598091198303,
      0.5940361587227049,
      0.3770823953174246
    ],
    "recall_per_class": [
      0.2565217391304348,
      0.42377622377622376,
      0.3111931119311193,
      0.37222222222222223
    ],
    "f1_per_class": [
      0.1068840579710145,
      0.19723352318958504,
      0.4084268302526435,
      0.37463654663386264
    ],
    "support_per_class": [
      230,
      1430,
      8130,
      4500
    ],
    "confusion_matrix": [
      [
        59,
        82,
        75,
        14
      ],
      [
        157,
        606,
        440,
        227
      ],
      [
        455,
        2619,
        2530,
        2526
      ],
      [
        203,
        1408,
        1214,
        1675
      ]
    ],
    "cross_entropy": 1.3444616543278851
  },
  "best_val_video_metrics": {
    "accuracy": 0.34079776067179846,
    "balanced_accuracy": 0.35331376807231135,
    "f1_macro": 0.2766494303315905,
    "precision_macro": 0.29496800360702974,
    "recall_macro": 0.35331376807231135,
    "precision_per_class": [
      0.07407407407407407,
      0.14046121593291405,
      0.5876543209876544,
      0.3776824034334764
    ],
    "recall_per_class": [
      0.2608695652173913,
      0.46853146853146854,
      0.29274292742927427,
      0.39111111111111113
    ],
    "f1_per_class": [
      0.11538461538461539,
      0.2161290322580645,
      0.39080459770114945,
      0.38427947598253276
    ],
    "support_per_class": [
      23,
      143,
      813,
      450
    ],
    "confusion_matrix": [
      [
        6,
        9,
        7,
        1
      ],
      [
        13,
        67,
        41,
        22
      ],
      [
        43,
        265,
        238,
        267
      ],
      [
        19,
        136,
        119,
        176
      ]
    ],
    "cross_entropy": 1.2977777762296674
  },
  "train_history": [
    {
      "epoch": 1,
      "train_loss": 1.2563631636018393,
      "train_accuracy": 0.4103007644662686,
      "train_balanced_accuracy": 0.4051865370051293,
      "train_f1_macro": 0.2942382410048824,
      "val_loss": 1.5026912674693647,
      "val_accuracy": 0.2736179146256123,
      "val_balanced_accuracy": 0.31163767904021394,
      "val_f1_macro": 0.22378612070787468,
      "val_row_loss": 1.5026912674693647,
      "val_row_accuracy": 0.2586424072778167,
      "val_row_balanced_accuracy": 0.3101980420777148,
      "val_row_f1_macro": 0.21502441776634723,
      "lr": 0.0003
    },
    {
      "epoch": 2,
      "train_loss": 1.1723413835835617,
      "train_accuracy": 0.4364153786061046,
      "train_balanced_accuracy": 0.45582241332164564,
      "train_f1_macro": 0.33747253910362296,
      "val_loss": 1.4122326895605024,
      "val_accuracy": 0.34079776067179846,
      "val_balanced_accuracy": 0.35331376807231135,
      "val_f1_macro": 0.2766494303315905,
      "val_row_loss": 1.4122326895605024,
      "val_row_accuracy": 0.34079776067179846,
      "val_row_balanced_accuracy": 0.340928324265,
      "val_row_f1_macro": 0.2717952395117764,
      "lr": 0.0003
    },
    {
      "epoch": 3,
      "train_loss": 1.1174884366551883,
      "train_accuracy": 0.44140021948179975,
      "train_balanced_accuracy": 0.4995944977561844,
      "train_f1_macro": 0.34973346524749616,
      "val_loss": 1.4830321432578137,
      "val_accuracy": 0.3344996501049685,
      "val_balanced_accuracy": 0.34360983304269044,
      "val_f1_macro": 0.2771343717999585,
      "val_row_loss": 1.4830321432578137,
      "val_row_accuracy": 0.32743177046885935,
      "val_row_balanced_accuracy": 0.32875404397552643,
      "val_row_f1_macro": 0.2662141594246116,
      "lr": 0.0003
    },
    {
      "epoch": 4,
      "train_loss": 1.0727655720884148,
      "train_accuracy": 0.4535275189256552,
      "train_balanced_accuracy": 0.5287564043895336,
      "train_f1_macro": 0.36568500038877466,
      "val_loss": 1.6374105596642463,
      "val_accuracy": 0.2610216934919524,
      "val_balanced_accuracy": 0.34492582964747254,
      "val_f1_macro": 0.23033744885795288,
      "val_row_loss": 1.6374105596642463,
      "val_row_accuracy": 0.26445066480055984,
      "val_row_balanced_accuracy": 0.33230218910276665,
      "val_row_f1_macro": 0.22859212215843708,
      "lr": 0.0003
    },
    {
      "epoch": 5,
      "train_loss": 1.0339029570412823,
      "train_accuracy": 0.4669382288934769,
      "train_balanced_accuracy": 0.5429955302940114,
      "train_f1_macro": 0.3794014750281482,
      "val_loss": 1.7480258779312199,
      "val_accuracy": 0.33030090972708187,
      "val_balanced_accuracy": 0.32388459313294865,
      "val_f1_macro": 0.26304134557801295,
      "val_row_loss": 1.7480258779312199,
      "val_row_accuracy": 0.3105668299510147,
      "val_row_balanced_accuracy": 0.2965218281371017,
      "val_row_f1_macro": 0.24306379950895035,
      "lr": 0.0003
    },
    {
      "epoch": 6,
      "train_loss": 0.998387494332986,
      "train_accuracy": 0.4774659152205048,
      "train_balanced_accuracy": 0.5592342284893161,
      "train_f1_macro": 0.3834974572291107,
      "val_loss": 1.7118197697705535,
      "val_accuracy": 0.2820153953813856,
      "val_balanced_accuracy": 0.34340759406377885,
      "val_f1_macro": 0.24534123239243505,
      "val_row_loss": 1.7118197697705535,
      "val_row_accuracy": 0.2836249125262421,
      "val_row_balanced_accuracy": 0.32589496627407744,
      "val_row_f1_macro": 0.23820380757190487,
      "lr": 0.00015
    },
    {
      "epoch": 7,
      "train_loss": 0.9247927932497305,
      "train_accuracy": 0.49429905325223666,
      "train_balanced_accuracy": 0.5893266147108871,
      "train_f1_macro": 0.40599305687572385,
      "val_loss": 1.773648064081447,
      "val_accuracy": 0.30370888733379986,
      "val_balanced_accuracy": 0.3397446823814544,
      "val_f1_macro": 0.2575782914104146,
      "val_row_loss": 1.773648064081447,
      "val_row_accuracy": 0.2941917424772568,
      "val_row_balanced_accuracy": 0.32828187875372217,
      "val_row_f1_macro": 0.2466753404187063,
      "lr": 0.00015
    },
    {
      "epoch": 8,
      "train_loss": 0.8948249134982716,
      "train_accuracy": 0.48933281252906274,
      "train_balanced_accuracy": 0.6116030881814176,
      "train_f1_macro": 0.40804341602602523,
      "val_loss": 1.910632394626476,
      "val_accuracy": 0.34989503149055284,
      "val_balanced_accuracy": 0.3171142661107365,
      "val_f1_macro": 0.2693892499691628,
      "val_row_loss": 1.910632394626476,
      "val_row_accuracy": 0.32421273617914625,
      "val_row_balanced_accuracy": 0.3054742830569078,
      "val_row_f1_macro": 0.2526758944627183,
      "lr": 0.00015
    }
  ],
  "train_counts": [
    319,
    2256,
    25736,
    25452
  ],
  "val_counts": [
    230,
    1430,
    8130,
    4500
  ],
  "test_counts": [
    40,
    843,
    8853,
    8250
  ],
  "train_loss": 0.8948249134982716,
  "val_loss": 1.910632394626476,
  "test_loss": 1.1459786435407964,
  "train_row_metrics": {
    "accuracy": 0.48933281252906274,
    "balanced_accuracy": 0.6116030881814176,
    "f1_macro": 0.40804341602602523,
    "precision_macro": 0.39233885723389134,
    "recall_macro": 0.6116030881814176,