{
  "manifest": "/home/bear/engagement-cpu/data/processed/runs/openface709_pca_manifests/pca384/feature_manifest.csv",
  "model": "/home/bear/engagement-cpu/scripts/../checkpoints/runs/trainml_pca384_ml/engagement_xgb.json",
  "summary_json": "/home/bear/engagement-cpu/scripts/../checkpoints/runs/trainml_pca384_ml/engagement_xgb.summary.json",
  "backend": "xgboost",
  "split": "test",
  "rows": 7136,
  "videos": 1784,
  "feature_mode": "tsfresh",
  "threshold": 0.43000000000000005,
  "aggregation": "video",
  "metrics": {
    "accuracy": 0.6036995515695067,
    "precision_neg": 0.3380281690140845,
    "recall_neg": 0.3076923076923077,
    "f1_neg": 0.3221476510067114,
    "precision_pos": 0.7062937062937062,
    "recall_pos": 0.7342487883683361,
    "f1_pos": 0.72,
    "balanced_accuracy": 0.520970548030322,
    "f2_pos": 0.7284821285462415,
    "tp": 909.0,
    "tn": 168.0,
    "fp": 378.0,
    "fn": 329.0
  },
  "row_metrics": {
    "accuracy": 0.5910874439461884,
    "precision_neg": 0.3259013282732448,
    "recall_neg": 0.31456043956043955,
    "f1_neg": 0.3201304753028891,
    "precision_pos": 0.7022673031026253,
    "recall_pos": 0.7130452342487884,
    "f1_pos": 0.7076152304609219,
    "balanced_accuracy": 0.5138028369046139,
    "f2_pos": 0.7108632630053149,
    "tp": 3531.0,
    "tn": 687.0,
    "fp": 1497.0,
    "fn": 1421.0
  },
  "video_metrics": {
    "accuracy": 0.6036995515695067,
    "precision_neg": 0.3380281690140845,
    "recall_neg": 0.3076923076923077,
    "f1_neg": 0.3221476510067114,
    "precision_pos": 0.7062937062937062,
    "recall_pos": 0.7342487883683361,
    "f1_pos": 0.72,
    "balanced_accuracy": 0.520970548030322,
    "f2_pos": 0.7284821285462415,
    "tp": 909.0,
    "tn": 168.0,
    "fp": 378.0,
    "fn": 329.0
  }
}