{
  "manifest": "/home/bear/engagement-cpu/data/processed/runs/openface709_pca_manifests/pca224/feature_manifest.csv",
  "checkpoint": "/home/bear/engagement-cpu/scripts/../checkpoints/runs/train_all_pca224_20260601_104210/rnn_tiny_transformer/engagement_tiny_transformer.pt",
  "split": "test",
  "rows": 7136,
  "videos": 1784,
  "batch_size": 128,
  "threshold": 0.8799999999999996,
  "aggregation": "video",
  "loss": 1.5230178132720058,
  "metrics": {
    "accuracy": 0.4798206278026906,
    "precision_pos": 0.773851590106007,
    "recall_pos": 0.35379644588045234,
    "f1_pos": 0.4855875831485587,
    "precision_neg": 0.34318555008210183,
    "recall_neg": 0.7655677655677655,
    "f1_neg": 0.47392290249433106,
    "balanced_accuracy": 0.5596821057241089,
    "f1_macro": 0.4797552428214449,
    "tp": 438.0,
    "tn": 418.0,
    "fp": 128.0,
    "fn": 800.0
  },
  "row_metrics": {
    "accuracy": 0.4984585201793722,
    "precision_pos": 0.7454415445119771,
    "recall_pos": 0.42104200323101776,
    "f1_pos": 0.538133952768099,
    "precision_neg": 0.33924867480986404,
    "recall_neg": 0.673992673992674,
    "f1_neg": 0.4513260769584548,
    "balanced_accuracy": 0.5475173386118459,
    "f1_macro": 0.49473001486327695,
    "tp": 2085.0,
    "tn": 1472.0,
    "fp": 712.0,
    "fn": 2867.0
  },
  "video_metrics": {
    "accuracy": 0.4798206278026906,
    "precision_pos": 0.773851590106007,
    "recall_pos": 0.35379644588045234,
    "f1_pos": 0.4855875831485587,
    "precision_neg": 0.34318555008210183,
    "recall_neg": 0.7655677655677655,
    "f1_neg": 0.47392290249433106,
    "balanced_accuracy": 0.5596821057241089,
    "f1_macro": 0.4797552428214449,
    "tp": 438.0,
    "tn": 418.0,
    "fp": 128.0,
    "fn": 800.0
  },
  "model_kwargs": {
    "model_name": "tiny_transformer",
    "input_size": 224,
    "hidden_size": 192,
    "num_layers": 3,
    "dropout": 0.25,
    "num_heads": 4,
    "kernel_size": 5,
    "tcn_blocks": 4,
    "max_seq_len": 30
  }
}