{
  "status": "success",
  "protocol": "fixed_triple_xgb_fusion_reproduction",
  "manifest": "data/processed/runs/daisee_4class_final_dataset/feature_manifest.csv",
  "feature_mode": "tsfresh",
  "fusion_parameters": {
    "weights": {
      "final_xgb": 0.84,
      "boost_xgb": 0.14,
      "targeted_xgb": 0.02
    },
    "bias_power": 0.42,
    "temperature": 1.15
  },
  "validation_metrics": {
    "accuracy": 0.4352694191742477,
    "balanced_accuracy": 0.30666358259812454,
    "f1_macro": 0.2960060384538645,
    "precision_macro": 0.31581727518593644,
    "recall_macro": 0.30666358259812454,
    "precision_per_class": [
      0.125,
      0.16470588235294117,
      0.6,
      0.3735632183908046
    ],
    "recall_per_class": [
      0.043478260869565216,
      0.1958041958041958,
      0.4095940959409594,
      0.5777777777777777
    ],
    "f1_per_class": [
      0.06451612903225806,
      0.17891373801916932,
      0.4868421052631579,
      0.4537521815008726
    ],
    "support_per_class": [
      23,
      143,
      813,
      450
    ],
    "confusion_matrix": [
      [
        1,
        11,
        6,
        5
      ],
      [
        2,
        28,
        72,
        41
      ],
      [
        3,
        87,
        333,
        390
      ],
      [
        2,
        44,
        144,
        260
      ]
    ],
    "cross_entropy": 1.0626540647579568
  },
  "test_metrics": {
    "accuracy": 0.7600896860986547,
    "balanced_accuracy": 0.7997842462128177,
    "f1_macro": 0.7734282319579694,
    "precision_macro": 0.7843501636278635,
    "recall_macro": 0.7997842462128177,
    "precision_per_class": [
      1.0,
      0.572463768115942,
      0.8359046283309958,
      0.7290322580645161
    ],
    "recall_per_class": [
      0.75,
      0.9404761904761905,
      0.6757369614512472,
      0.8329238329238329
    ],
    "f1_per_class": [
      0.8571428571428571,
      0.7117117117117117,
      0.7473354231974921,
      0.7775229357798165
    ],
    "support_per_class": [
      4,
      84,
      882,
      814
    ],
    "confusion_matrix": [
      [
        3,
        0,
        1,
        0
      ],
      [
        0,
        79,
        3,
        2
      ],
      [
        0,
        36,
        596,
        250
      ],
      [
        0,
        23,
        113,
        678
      ]
    ],
    "cross_entropy": 0.7401511802952779
  },
  "latency": {
    "latency_kind": "processed_feature_sequence",
    "model_side": {
      "variant": "fixed_triple_xgb_fusion",
      "latency_ms_mean": 11.417979139914678,
      "latency_ms_median": 11.407806501665618,
      "latency_ms_p95": 11.820330997579731,
      "latency_ms_min": 10.897551997913979,
      "latency_ms_max": 12.056892999680713
    }
  },
  "sources": {
    "final_xgb": {
      "model": "checkpoints/runs/product_4class_fixed_triple_xgb/final_xgb/model.json",
      "preprocessor": "checkpoints/runs/product_4class_fixed_triple_xgb/final_xgb/preprocessor.npz"
    },
    "boost_xgb": {
      "model": "checkpoints/runs/product_4class_fixed_triple_xgb/boost_xgb/model.json",
      "preprocessor": "checkpoints/runs/product_4class_fixed_triple_xgb/boost_xgb/preprocessor.npz"
    },
    "targeted_xgb": {
      "model": "checkpoints/runs/product_4class_fixed_triple_xgb/targeted_xgb/model.json",
      "preprocessor": "checkpoints/runs/product_4class_fixed_triple_xgb/targeted_xgb/preprocessor.npz"
    }
  },
  "note": "Fixed reproduction run: no metric-window search or metric guardrail is used in this evaluator."
}