{
  "manifest": "data/processed/runs/train_all_p2_full_20260522_185411/cnn_frame_manifest.csv",
  "checkpoint": "/home/bear/engagement-cpu/scripts/../checkpoints/runs/train_all_phase12_20260523_011612/cnn/engagement_cnn.pt",
  "split": "test",
  "rows": 14241,
  "videos": 1784,
  "batch_size": 256,
  "model_name": "mobilenet_v3_small",
  "image_size": 224,
  "device": "cuda",
  "threshold": 0.11,
  "aggregation": "video",
  "loss": 1.011522216288262,
  "metrics": {
    "accuracy": 0.6866591928251121,
    "balanced_accuracy": 0.5049870700113026,
    "precision_pos": 0.6961294049682265,
    "recall_pos": 0.9733441033925686,
    "recall_neg": 0.03663003663003663,
    "f1_macro": 0.43924954074687184
  },
  "row_metrics": {
    "accuracy": 0.6830980970437469,
    "balanced_accuracy": 0.5081049474431543,
    "precision_pos": 0.6973084277099574,
    "recall_pos": 0.9598137463306002,
    "recall_neg": 0.05639614855570839,
    "f1_macro": 0.4530355022155507
  },
  "video_metrics": {
    "accuracy": 0.6866591928251121,
    "balanced_accuracy": 0.5049870700113026,
    "precision_pos": 0.6961294049682265,
    "recall_pos": 0.9733441033925686,
    "recall_neg": 0.03663003663003663,
    "f1_macro": 0.43924954074687184
  }
}