{
  "manifest": "/home/bear/engagement-cpu/scripts/../checkpoints/runs/train_all_p2_20260522_180224/rnn_manifest.local.csv",
  "checkpoint": "/home/bear/engagement-cpu/scripts/../checkpoints/runs/train_all_p2_20260522_180224/rnn_tiny_transformer/engagement_tiny_transformer.pt",
  "split": "test",
  "rows": 17986,
  "batch_size": 128,
  "threshold": 0.2799999999999999,
  "loss": 1.1107556705385775,
  "metrics": {
    "accuracy": 0.5256310463693984,
    "precision_pos": 0.7476261869065467,
    "recall_pos": 0.4788732394366197,
    "f1_pos": 0.5838048780487805,
    "precision_neg": 0.3476257263073532,
    "recall_neg": 0.6320582877959927,
    "f1_neg": 0.4485522233712513,
    "balanced_accuracy": 0.5554657636163062,
    "f1_macro": 0.5161785507100158,
    "tp": 5984.0,
    "tn": 3470.0,
    "fp": 2020.0,
    "fn": 6512.0
  },
  "model_kwargs": {
    "model_name": "tiny_transformer",
    "input_size": 90,
    "hidden_size": 128,
    "num_layers": 2,
    "dropout": 0.3,
    "num_heads": 4,
    "kernel_size": 3,
    "tcn_blocks": 3,
    "max_seq_len": 30
  }
}