{
  "manifest": "/home/bear/engagement-cpu/data/processed/runs/openface709_pca_manifests/pca300/feature_manifest.csv",
  "checkpoint": "/home/bear/engagement-cpu/scripts/../checkpoints/runs/train_all_pca300_20260601_112041/rnn_gru/engagement_gru.pt",
  "split": "test",
  "rows": 7136,
  "videos": 1784,
  "batch_size": 128,
  "threshold": 0.8199999999999996,
  "aggregation": "video",
  "loss": 1.2291905372132101,
  "metrics": {
    "accuracy": 0.4517937219730942,
    "precision_pos": 0.7642276422764228,
    "recall_pos": 0.3037156704361874,
    "f1_pos": 0.4346820809248556,
    "precision_neg": 0.3328173374613003,
    "recall_neg": 0.7875457875457875,
    "f1_neg": 0.46789989118607184,
    "balanced_accuracy": 0.5456307289909874,
    "f1_macro": 0.4512909860554637,
    "tp": 376.0,
    "tn": 430.0,
    "fp": 116.0,
    "fn": 862.0
  },
  "row_metrics": {
    "accuracy": 0.4694506726457399,
    "precision_pos": 0.7491452991452991,
    "recall_pos": 0.3539983844911147,
    "f1_pos": 0.48080087767416346,
    "precision_neg": 0.3329858215179316,
    "recall_neg": 0.7312271062271062,
    "f1_neg": 0.45759312320916906,
    "balanced_accuracy": 0.5426127453591104,
    "f1_macro": 0.46919700044166623,
    "tp": 1753.0,
    "tn": 1597.0,
    "fp": 587.0,
    "fn": 3199.0
  },
  "video_metrics": {
    "accuracy": 0.4517937219730942,
    "precision_pos": 0.7642276422764228,
    "recall_pos": 0.3037156704361874,
    "f1_pos": 0.4346820809248556,
    "precision_neg": 0.3328173374613003,
    "recall_neg": 0.7875457875457875,
    "f1_neg": 0.46789989118607184,
    "balanced_accuracy": 0.5456307289909874,
    "f1_macro": 0.4512909860554637,
    "tp": 376.0,
    "tn": 430.0,
    "fp": 116.0,
    "fn": 862.0
  },
  "model_kwargs": {
    "model_name": "gru",
    "input_size": 300,
    "hidden_size": 192,
    "num_layers": 3,
    "dropout": 0.25,
    "num_heads": 4,
    "kernel_size": 5,
    "tcn_blocks": 4,
    "max_seq_len": 30
  }
}