{
  "manifest": "/home/bear/engagement-cpu/data/processed/runs/openface709_pca_manifests/pca256/feature_manifest.csv",
  "checkpoint": "/home/bear/engagement-cpu/scripts/../checkpoints/runs/train_all_pca256_20260601_110040/rnn_gru/engagement_gru.pt",
  "split": "test",
  "rows": 7136,
  "videos": 1784,
  "batch_size": 128,
  "threshold": 0.6099999999999998,
  "aggregation": "video",
  "loss": 1.6065013670600583,
  "metrics": {
    "accuracy": 0.5218609865470852,
    "precision_pos": 0.6958290946083419,
    "recall_pos": 0.5525040387722132,
    "f1_pos": 0.6159387663214768,
    "precision_neg": 0.3083645443196005,
    "recall_neg": 0.4523809523809524,
    "f1_neg": 0.3667409057164068,
    "balanced_accuracy": 0.5024424955765828,
    "f1_macro": 0.4913398360189418,
    "tp": 684.0,
    "tn": 247.0,
    "fp": 299.0,
    "fn": 554.0
  },
  "row_metrics": {
    "accuracy": 0.5260650224215246,
    "precision_pos": 0.698432760364004,
    "recall_pos": 0.557956381260097,
    "f1_pos": 0.6203412662775034,
    "precision_neg": 0.31163522012578615,
    "recall_neg": 0.45375457875457875,
    "f1_neg": 0.3695003728560776,
    "balanced_accuracy": 0.5058554800073378,
    "f1_macro": 0.4949208195667905,
    "tp": 2763.0,
    "tn": 991.0,
    "fp": 1193.0,
    "fn": 2189.0
  },
  "video_metrics": {
    "accuracy": 0.5218609865470852,
    "precision_pos": 0.6958290946083419,
    "recall_pos": 0.5525040387722132,
    "f1_pos": 0.6159387663214768,
    "precision_neg": 0.3083645443196005,
    "recall_neg": 0.4523809523809524,
    "f1_neg": 0.3667409057164068,
    "balanced_accuracy": 0.5024424955765828,
    "f1_macro": 0.4913398360189418,
    "tp": 684.0,
    "tn": 247.0,
    "fp": 299.0,
    "fn": 554.0
  },
  "model_kwargs": {
    "model_name": "gru",
    "input_size": 256,
    "hidden_size": 192,
    "num_layers": 3,
    "dropout": 0.25,
    "num_heads": 4,
    "kernel_size": 5,
    "tcn_blocks": 4,
    "max_seq_len": 30
  }
}