{
  "manifest": "data/processed/runs/pipeline_2/feature_manifest.local.csv",
  "checkpoint": "/home/bear/engagement-cpu/scripts/../checkpoints/runs/train_all_run_id_2_20260522_172051/rnn_gru/engagement_gru.pt",
  "split": "test",
  "rows": 17986,
  "batch_size": 128,
  "threshold": 0.17999999999999997,
  "loss": 1.0890506812307417,
  "metrics": {
    "accuracy": 0.5686089180473701,
    "precision_pos": 0.7217488999157382,
    "recall_pos": 0.6169174135723432,
    "f1_pos": 0.6652284592483928,
    "precision_neg": 0.34469541409993154,
    "recall_neg": 0.4586520947176685,
    "f1_neg": 0.3935912465806955,
    "balanced_accuracy": 0.5377847541450058,
    "f1_macro": 0.5294098529145441,
    "tp": 7709.0,
    "tn": 2518.0,
    "fp": 2972.0,
    "fn": 4787.0
  },
  "model_kwargs": {
    "model_name": "gru",
    "input_size": 90,
    "hidden_size": 128,
    "num_layers": 2,
    "dropout": 0.3,
    "num_heads": 4,
    "kernel_size": 3,
    "tcn_blocks": 3,
    "max_seq_len": 30
  }
}