{
  "manifest": "data/processed/runs/pipeline_2/feature_manifest.local.csv",
  "model": "/home/bear/engagement-cpu/scripts/../checkpoints/runs/trainml_phase12_ml/engagement_xgb.json",
  "summary_json": "/home/bear/engagement-cpu/scripts/../checkpoints/runs/trainml_phase12_ml/engagement_xgb.summary.json",
  "backend": "xgboost",
  "split": "test",
  "rows": 17986,
  "videos": 1784,
  "feature_mode": "tsfresh",
  "threshold": 0.49000000000000005,
  "aggregation": "video",
  "metrics": {
    "accuracy": 0.6132286995515696,
    "precision_neg": 0.40082644628099173,
    "recall_neg": 0.532967032967033,
    "f1_neg": 0.45754716981132076,
    "precision_pos": 0.7589792060491494,
    "recall_pos": 0.648626817447496,
    "f1_pos": 0.6994773519163763,
    "balanced_accuracy": 0.5907969252072645,
    "f2_pos": 0.668053244592346,
    "tp": 803.0,
    "tn": 291.0,
    "fp": 255.0,
    "fn": 435.0
  },
  "row_metrics": {
    "accuracy": 0.595741131991549,
    "precision_neg": 0.3837011884550085,
    "recall_neg": 0.5351548269581057,
    "f1_neg": 0.44694607134707537,
    "precision_pos": 0.7529286474973376,
    "recall_pos": 0.6223591549295775,
    "f1_pos": 0.6814457831325301,
    "balanced_accuracy": 0.5787569909438416,
    "f2_pos": 0.6447200437716578,
    "tp": 7777.0,
    "tn": 2938.0,
    "fp": 2552.0,
    "fn": 4719.0
  },
  "video_metrics": {
    "accuracy": 0.6132286995515696,
    "precision_neg": 0.40082644628099173,
    "recall_neg": 0.532967032967033,
    "f1_neg": 0.45754716981132076,
    "precision_pos": 0.7589792060491494,
    "recall_pos": 0.648626817447496,
    "f1_pos": 0.6994773519163763,
    "balanced_accuracy": 0.5907969252072645,
    "f2_pos": 0.668053244592346,
    "tp": 803.0,
    "tn": 291.0,
    "fp": 255.0,
    "fn": 435.0
  }
}