{
  "manifest": "/home/bear/engagement-cpu/scripts/../checkpoints/runs/train_all_pca224_20260608_041114/ml_manifest.local.csv",
  "model": "/home/bear/engagement-cpu/scripts/../checkpoints/runs/trainml_pca224_ml/engagement_xgb.json",
  "summary_json": "/home/bear/engagement-cpu/scripts/../checkpoints/runs/trainml_pca224_ml/engagement_xgb.summary.json",
  "backend": "xgboost",
  "split": "test",
  "rows": 3568,
  "videos": 892,
  "feature_mode": "tsfresh",
  "threshold": 0.49000000000000005,
  "aggregation": "video",
  "metrics": {
    "accuracy": 0.6109865470852018,
    "precision_neg": 0.40106951871657753,
    "recall_neg": 0.5494505494505495,
    "f1_neg": 0.46367851622874806,
    "precision_pos": 0.7625482625482626,
    "recall_pos": 0.6381260096930533,
    "f1_pos": 0.6948109058927001,
    "balanced_accuracy": 0.5937882795718015,
    "f2_pos": 0.6596526386105545,
    "tp": 395.0,
    "tn": 150.0,
    "fp": 123.0,
    "fn": 224.0
  },
  "row_metrics": {
    "accuracy": 0.5986547085201793,
    "precision_neg": 0.38666666666666666,
    "recall_neg": 0.5311355311355311,
    "f1_neg": 0.44753086419753085,
    "precision_pos": 0.7524177949709865,
    "recall_pos": 0.6284329563812601,
    "f1_pos": 0.6848591549295775,
    "balanced_accuracy": 0.5797842437583955,
    "f2_pos": 0.6498496491814233,
    "tp": 1556.0,
    "tn": 580.0,
    "fp": 512.0,
    "fn": 920.0
  },
  "video_metrics": {
    "accuracy": 0.6109865470852018,
    "precision_neg": 0.40106951871657753,
    "recall_neg": 0.5494505494505495,
    "f1_neg": 0.46367851622874806,
    "precision_pos": 0.7625482625482626,
    "recall_pos": 0.6381260096930533,
    "f1_pos": 0.6948109058927001,
    "balanced_accuracy": 0.5937882795718015,
    "f2_pos": 0.6596526386105545,
    "tp": 395.0,
    "tn": 150.0,
    "fp": 123.0,
    "fn": 224.0
  }
}