{
  "manifest": "/home/bear/engagement-cpu/data/processed/runs/openface709_pca_manifests/pca160/feature_manifest.csv",
  "checkpoint": "/home/bear/engagement-cpu/scripts/../checkpoints/runs/train_all_pca160_20260601_101009/rnn_gru_basic/engagement_gru_basic.pt",
  "split": "test",
  "rows": 7136,
  "videos": 1784,
  "batch_size": 128,
  "threshold": 0.5,
  "aggregation": "video",
  "loss": 1.2886341067173022,
  "metrics": {
    "accuracy": 0.522982062780269,
    "precision_pos": 0.6917740336967294,
    "recall_pos": 0.5638126009693053,
    "f1_pos": 0.621272808188696,
    "precision_neg": 0.3032258064516129,
    "recall_neg": 0.43040293040293043,
    "f1_neg": 0.35579106737320215,
    "balanced_accuracy": 0.49710776568611786,
    "f1_macro": 0.48853193778094905,
    "tp": 698.0,
    "tn": 235.0,
    "fp": 311.0,
    "fn": 540.0
  },
  "row_metrics": {
    "accuracy": 0.5294282511210763,
    "precision_pos": 0.700251256281407,
    "recall_pos": 0.5628029079159935,
    "f1_pos": 0.6240483654276758,
    "precision_neg": 0.31400506970849174,
    "recall_neg": 0.45375457875457875,
    "f1_neg": 0.37116104868913863,
    "balanced_accuracy": 0.5082787433352861,
    "f1_macro": 0.4976047070584072,
    "tp": 2787.0,
    "tn": 991.0,
    "fp": 1193.0,
    "fn": 2165.0
  },
  "video_metrics": {
    "accuracy": 0.522982062780269,
    "precision_pos": 0.6917740336967294,
    "recall_pos": 0.5638126009693053,
    "f1_pos": 0.621272808188696,
    "precision_neg": 0.3032258064516129,
    "recall_neg": 0.43040293040293043,
    "f1_neg": 0.35579106737320215,
    "balanced_accuracy": 0.49710776568611786,
    "f1_macro": 0.48853193778094905,
    "tp": 698.0,
    "tn": 235.0,
    "fp": 311.0,
    "fn": 540.0
  },
  "model_kwargs": {
    "model_name": "gru_basic",
    "input_size": 160,
    "hidden_size": 192,
    "num_layers": 3,
    "dropout": 0.25,
    "num_heads": 4,
    "kernel_size": 5,
    "tcn_blocks": 4,
    "max_seq_len": 30
  }
}