{
  "status": "success",
  "method": "ordinal_cascade_xgboost",
  "selection_objective": "validation_video_accuracy",
  "selected_rounds": 500,
  "validation_metrics": {
    "accuracy": 0.5269419174247726,
    "balanced_accuracy": 0.2767633760253686,
    "f1_macro": 0.271611548722993,
    "precision_macro": 0.29270111726633463,
    "recall_macro": 0.2767633760253686,
    "precision_per_class": [
      0.0,
      0.1956521739130435,
      0.5847619047619048,
      0.39039039039039036
    ],
    "recall_per_class": [
      0.0,
      0.06293706293706294,
      0.7552275522755227,
      0.28888888888888886
    ],
    "f1_per_class": [
      0.0,
      0.09523809523809523,
      0.6591519055287172,
      0.33205619412515963
    ],
    "support_per_class": [
      23,
      143,
      813,
      450
    ],
    "confusion_matrix": [
      [
        0,
        5,
        14,
        4
      ],
      [
        0,
        9,
        117,
        17
      ],
      [
        0,
        17,
        614,
        182
      ],
      [
        0,
        15,
        305,
        130
      ]
    ],
    "cross_entropy": 1.0441804325934017
  },
  "test_video_metrics": {
    "accuracy": 0.7393497757847534,
    "balanced_accuracy": 0.6207305403733976,
    "f1_macro": 0.6990257901708739,
    "precision_macro": 0.8729767189545825,
    "recall_macro": 0.6207305403733976,
    "precision_per_class": [
      1.0,
      1.0,
      0.6969147005444646,
      0.7949921752738655
    ],
    "recall_per_class": [
      0.5,
      0.4880952380952381,
      0.8707482993197279,
      0.6240786240786241
    ],
    "f1_per_class": [
      0.6666666666666666,
      0.656,
      0.7741935483870968,
      0.6992429456297315
    ],
    "support_per_class": [
      4,
      84,
      882,
      814
    ],
    "confusion_matrix": [
      [
        2,
        0,
        1,
        1
      ],
      [
        0,
        41,
        27,
        16
      ],
      [
        0,
        0,
        768,
        114
      ],
      [
        0,
        0,
        306,
        508
      ]
    ],
    "cross_entropy": 0.6183366295486601
  },
  "latency": {
    "model_side": {
      "variant": "ordinal_xgboost_3_thresholds",
      "latency_ms_mean": 5.079236119745474,
      "latency_ms_median": 2.013873499890906,
      "latency_ms_p95": 23.024307000014232,
      "latency_ms_min": 1.764844997524051,
      "latency_ms_max": 30.497392999677686
    },
    "end_to_end": {
      "variant": "ordinal_xgboost_3_thresholds",
      "latency_ms_mean": 5.657520319946343,
      "latency_ms_median": 5.617544000415364,
      "latency_ms_p95": 6.127808002929669,
      "latency_ms_min": 5.204975001106504,
      "latency_ms_max": 6.497129001218127
    }
  },
  "artifacts": {
    "models": [
      "checkpoints/runs/novel_models_4class/ordinal/threshold_0.json",
      "checkpoints/runs/novel_models_4class/ordinal/threshold_1.json",
      "checkpoints/runs/novel_models_4class/ordinal/threshold_2.json"
    ],
    "preprocessor": "checkpoints/runs/novel_models_4class/ordinal/preprocessor.npz"
  },
  "note": "Three rank-consistent threshold models; rounds selected on validation only."
}