{
  "manifest": "/home/bear/engagement-cpu/data/processed/runs/openface709_pca_manifests/pca128/feature_manifest.csv",
  "checkpoint": "/home/bear/engagement-cpu/scripts/../checkpoints/runs/train_all_pca128_20260601_095609/rnn_gru/engagement_gru.pt",
  "split": "test",
  "rows": 7136,
  "videos": 1784,
  "batch_size": 128,
  "threshold": 0.48999999999999977,
  "aggregation": "video",
  "loss": 1.1514830375466112,
  "metrics": {
    "accuracy": 0.5145739910313901,
    "precision_pos": 0.663444639718805,
    "recall_pos": 0.6098546042003231,
    "f1_pos": 0.6355218855218855,
    "precision_neg": 0.25232198142414863,
    "recall_neg": 0.29853479853479853,
    "f1_neg": 0.273489932885906,
    "balanced_accuracy": 0.4541947013675608,
    "f1_macro": 0.4545059092038958,
    "tp": 755.0,
    "tn": 163.0,
    "fp": 383.0,
    "fn": 483.0
  },
  "row_metrics": {
    "accuracy": 0.5168161434977578,
    "precision_pos": 0.6674087266251113,
    "recall_pos": 0.6054119547657512,
    "f1_pos": 0.6349004659042778,
    "precision_neg": 0.2609682299546142,
    "recall_neg": 0.3159340659340659,
    "f1_neg": 0.2858326429163215,
    "balanced_accuracy": 0.46067301034990854,
    "f1_macro": 0.46036655441029967,
    "tp": 2998.0,
    "tn": 690.0,
    "fp": 1494.0,
    "fn": 1954.0
  },
  "video_metrics": {
    "accuracy": 0.5145739910313901,
    "precision_pos": 0.663444639718805,
    "recall_pos": 0.6098546042003231,
    "f1_pos": 0.6355218855218855,
    "precision_neg": 0.25232198142414863,
    "recall_neg": 0.29853479853479853,
    "f1_neg": 0.273489932885906,
    "balanced_accuracy": 0.4541947013675608,
    "f1_macro": 0.4545059092038958,
    "tp": 755.0,
    "tn": 163.0,
    "fp": 383.0,
    "fn": 483.0
  },
  "model_kwargs": {
    "model_name": "gru",
    "input_size": 128,
    "hidden_size": 192,
    "num_layers": 3,
    "dropout": 0.25,
    "num_heads": 4,
    "kernel_size": 5,
    "tcn_blocks": 4,
    "max_seq_len": 30
  }
}