{
  "manifest": "/home/bear/engagement-cpu/data/processed/runs/openface709_pca_manifests/pca96/feature_manifest.csv",
  "checkpoint": "/home/bear/engagement-cpu/scripts/../checkpoints/runs/train_all_pca96_20260601_095239/rnn_gru/engagement_gru.pt",
  "split": "test",
  "rows": 7136,
  "videos": 1784,
  "batch_size": 128,
  "threshold": 0.6499999999999997,
  "aggregation": "video",
  "loss": 1.6073559209904864,
  "metrics": {
    "accuracy": 0.4674887892376682,
    "precision_pos": 0.7093023255813954,
    "recall_pos": 0.39418416801292405,
    "f1_pos": 0.5067497403946003,
    "precision_neg": 0.3156934306569343,
    "recall_neg": 0.6336996336996337,
    "f1_neg": 0.4214372716199756,
    "balanced_accuracy": 0.5139419008562789,
    "f1_macro": 0.46409350600728794,
    "tp": 488.0,
    "tn": 346.0,
    "fp": 200.0,
    "fn": 750.0
  },
  "row_metrics": {
    "accuracy": 0.4808015695067265,
    "precision_pos": 0.7146299483648881,
    "recall_pos": 0.41922455573505657,
    "f1_pos": 0.5284459717449408,
    "precision_neg": 0.32025525880406525,
    "recall_neg": 0.6204212454212454,
    "f1_neg": 0.4224473889321902,
    "balanced_accuracy": 0.519822900578151,
    "f1_macro": 0.4754466803385655,
    "tp": 2076.0,
    "tn": 1355.0,
    "fp": 829.0,
    "fn": 2876.0
  },
  "video_metrics": {
    "accuracy": 0.4674887892376682,
    "precision_pos": 0.7093023255813954,
    "recall_pos": 0.39418416801292405,
    "f1_pos": 0.5067497403946003,
    "precision_neg": 0.3156934306569343,
    "recall_neg": 0.6336996336996337,
    "f1_neg": 0.4214372716199756,
    "balanced_accuracy": 0.5139419008562789,
    "f1_macro": 0.46409350600728794,
    "tp": 488.0,
    "tn": 346.0,
    "fp": 200.0,
    "fn": 750.0
  },
  "model_kwargs": {
    "model_name": "gru",
    "input_size": 96,
    "hidden_size": 192,
    "num_layers": 3,
    "dropout": 0.25,
    "num_heads": 4,
    "kernel_size": 5,
    "tcn_blocks": 4,
    "max_seq_len": 30
  }
}