{
  "manifest": "/home/bear/engagement-cpu/scripts/../checkpoints/runs/train_all_pca160_20260608_034313/rnn_manifest.local.csv",
  "checkpoint": "/home/bear/engagement-cpu/scripts/../checkpoints/runs/train_all_pca160_20260608_034313/rnn_tiny_transformer/engagement_tiny_transformer.pt",
  "split": "test",
  "rows": 3568,
  "videos": 892,
  "batch_size": 128,
  "threshold": 0.5499999999999998,
  "aggregation": "video",
  "loss": 0.9431106969380058,
  "metrics": {
    "accuracy": 0.5762331838565022,
    "precision_pos": 0.7464212678936605,
    "recall_pos": 0.5896607431340872,
    "f1_pos": 0.6588447653429602,
    "precision_neg": 0.369727047146402,
    "recall_neg": 0.5457875457875457,
    "f1_neg": 0.4408284023668639,
    "balanced_accuracy": 0.5677241444608165,
    "f1_macro": 0.5498365838549121,
    "tp": 365.0,
    "tn": 149.0,
    "fp": 124.0,
    "fn": 254.0
  },
  "row_metrics": {
    "accuracy": 0.5697869955156951,
    "precision_pos": 0.7449245184799583,
    "recall_pos": 0.5779483037156704,
    "f1_pos": 0.6508983397771207,
    "precision_neg": 0.3655130540376442,
    "recall_neg": 0.5512820512820513,
    "f1_neg": 0.4395764877692589,
    "balanced_accuracy": 0.5646151774988608,
    "f1_macro": 0.5452374137731898,
    "tp": 1431.0,
    "tn": 602.0,
    "fp": 490.0,
    "fn": 1045.0
  },
  "video_metrics": {
    "accuracy": 0.5762331838565022,
    "precision_pos": 0.7464212678936605,
    "recall_pos": 0.5896607431340872,
    "f1_pos": 0.6588447653429602,
    "precision_neg": 0.369727047146402,
    "recall_neg": 0.5457875457875457,
    "f1_neg": 0.4408284023668639,
    "balanced_accuracy": 0.5677241444608165,
    "f1_macro": 0.5498365838549121,
    "tp": 365.0,
    "tn": 149.0,
    "fp": 124.0,
    "fn": 254.0
  },
  "model_kwargs": {
    "model_name": "tiny_transformer",
    "input_size": 90,
    "hidden_size": 192,
    "num_layers": 3,
    "dropout": 0.25,
    "num_heads": 4,
    "kernel_size": 5,
    "tcn_blocks": 4,
    "max_seq_len": 30
  }
}