{
  "manifest": "/home/bear/engagement-cpu/data/processed/runs/openface709_pca_manifests/pca384/feature_manifest.csv",
  "checkpoint": "/home/bear/engagement-cpu/scripts/../checkpoints/runs/train_all_pca384_20260601_114342/rnn_tiny_transformer/engagement_tiny_transformer.pt",
  "split": "test",
  "rows": 7136,
  "videos": 1784,
  "batch_size": 128,
  "threshold": 0.8199999999999996,
  "aggregation": "video",
  "loss": 1.3323268179401688,
  "metrics": {
    "accuracy": 0.44786995515695066,
    "precision_pos": 0.8202531645569621,
    "recall_pos": 0.2617124394184168,
    "f1_pos": 0.39681567666870793,
    "precision_neg": 0.3419726421886249,
    "recall_neg": 0.86996336996337,
    "f1_neg": 0.4909560723514212,
    "balanced_accuracy": 0.5658379046908935,
    "f1_macro": 0.44388587451006456,
    "tp": 324.0,
    "tn": 475.0,
    "fp": 71.0,
    "fn": 914.0
  },
  "row_metrics": {
    "accuracy": 0.4749159192825112,
    "precision_pos": 0.7990074441687345,
    "recall_pos": 0.32512116316639744,
    "f1_pos": 0.46217884311755425,
    "precision_neg": 0.3473930872876391,
    "recall_neg": 0.8145604395604396,
    "f1_neg": 0.48706365503080074,
    "balanced_accuracy": 0.5698408013634185,
    "f1_macro": 0.47462124907417746,
    "tp": 1610.0,
    "tn": 1779.0,
    "fp": 405.0,
    "fn": 3342.0
  },
  "video_metrics": {
    "accuracy": 0.44786995515695066,
    "precision_pos": 0.8202531645569621,
    "recall_pos": 0.2617124394184168,
    "f1_pos": 0.39681567666870793,
    "precision_neg": 0.3419726421886249,
    "recall_neg": 0.86996336996337,
    "f1_neg": 0.4909560723514212,
    "balanced_accuracy": 0.5658379046908935,
    "f1_macro": 0.44388587451006456,
    "tp": 324.0,
    "tn": 475.0,
    "fp": 71.0,
    "fn": 914.0
  },
  "model_kwargs": {
    "model_name": "tiny_transformer",
    "input_size": 384,
    "hidden_size": 192,
    "num_layers": 3,
    "dropout": 0.25,
    "num_heads": 4,
    "kernel_size": 5,
    "tcn_blocks": 4,
    "max_seq_len": 30
  }
}