{
  "model_name": "inception_lite",
  "model_family": "neural",
  "status": "success",
  "run_dir": "checkpoints/runs/inception_lite_ensemble_20260614_100822/inception_lite",
  "checkpoint_path": "checkpoints/runs/inception_lite_ensemble_20260614_100822/inception_lite/inception_lite.pt",
  "model_kwargs": {
    "input_size": 90,
    "hidden_size": 160,
    "num_blocks": 4,
    "dropout": 0.2,
    "num_classes": 4
  },
  "objective": "f1_macro",
  "best_epoch": 5,
  "best_score": 0.04668534480121857,
  "best_val_video_metrics": {
    "accuracy": 0.031490552834149754,
    "balanced_accuracy": 0.22138643964730922,
    "f1_macro": 0.04668534480121857,
    "precision_macro": 0.16932358494557687,
    "recall_macro": 0.22138643964730922,
    "precision_per_class": [
      0.01355421686746988,
      0.13432835820895522,
      0.0,
      0.5294117647058824
    ],
    "recall_per_class": [
      0.782608695652174,
      0.06293706293706294,
      0.0,
      0.04
    ],
    "f1_per_class": [
      0.026646928201332347,
      0.08571428571428572,
      0.0,
      0.0743801652892562
    ],
    "support_per_class": [
      23,
      143,
      813,
      450
    ],
    "confusion_matrix": [
      [
        18,
        5,
        0,
        0
      ],
      [
        133,
        9,
        0,
        1
      ],
      [
        769,
        29,
        0,
        15
      ],
      [
        408,
        24,
        0,
        18
      ]
    ],
    "cross_entropy": 1.6367755180295316
  },
  "train_history": [
    {
      "epoch": 1,
      "train_loss": 2.006666013266455,
      "train_accuracy": 0.016479735133828097,
      "train_balanced_accuracy": 0.26714869123594814,
      "train_f1_macro": 0.042171262540506724,
      "val_loss": 2.151067205673335,
      "val_accuracy": 0.01819454163750875,
      "val_balanced_accuracy": 0.2449307455829195,
      "val_f1_macro": 0.018496417791020167,
      "lr": 0.00025
    },
    {
      "epoch": 2,
      "train_loss": 1.9455862602365293,
      "train_accuracy": 0.018804754198984433,
      "train_balanced_accuracy": 0.2884536601821536,
      "train_f1_macro": 0.053774164759082525,
      "val_loss": 2.1888967577438407,
      "val_accuracy": 0.01819454163750875,
      "val_balanced_accuracy": 0.2449307455829195,
      "val_f1_macro": 0.01843600857907795,
      "lr": 0.00025
    },
    {
      "epoch": 3,
      "train_loss": 1.9106724547162008,
      "train_accuracy": 0.022710786228447074,
      "train_balanced_accuracy": 0.3073120111433239,
      "train_f1_macro": 0.06069430912482366,
      "val_loss": 2.1732295729381543,
      "val_accuracy": 0.01749475157452764,
      "val_balanced_accuracy": 0.2158185534272491,
      "val_f1_macro": 0.020976041107219463,
      "lr": 0.00025
    },
    {
      "epoch": 4,
      "train_loss": 1.8875990873016115,
      "train_accuracy": 0.02672841917303722,
      "train_balanced_accuracy": 0.3324578895028328,
      "train_f1_macro": 0.06584405823988802,
      "val_loss": 2.2175637261195145,
      "val_accuracy": 0.01749475157452764,
      "val_balanced_accuracy": 0.22613256308908483,
      "val_f1_macro": 0.020405192880581895,
      "lr": 0.00025
    },
    {
      "epoch": 5,
      "train_loss": 1.867008640134077,
      "train_accuracy": 0.029146439000799808,
      "train_balanced_accuracy": 0.34023386633885944,
      "train_f1_macro": 0.06995429675265856,
      "val_loss": 2.179017874575562,
      "val_accuracy": 0.031490552834149754,
      "val_balanced_accuracy": 0.22138643964730922,
      "val_f1_macro": 0.04668534480121857,
      "lr": 0.00025
    },
    {
      "epoch": 6,
      "train_loss": 1.8325490437698442,
      "train_accuracy": 0.03117385562561613,
      "train_balanced_accuracy": 0.35275191378239795,
      "train_f1_macro": 0.07640388437875184,
      "val_loss": 2.1819782591433357,
      "val_accuracy": 0.01609517144856543,
      "val_balanced_accuracy": 0.2135147461234418,
      "val_f1_macro": 0.01794025992562226,
      "lr": 0.00025
    },
    {
      "epoch": 7,
      "train_loss": 1.8380238619654794,
      "train_accuracy": 0.032661867827316185,
      "train_balanced_accuracy": 0.3619171938504684,
      "train_f1_macro": 0.07872476879832238,
      "val_loss": 2.201136818359247,
      "val_accuracy": 0.01959412176347096,
      "val_balanced_accuracy": 0.21313469139556096,
      "val_f1_macro": 0.030531968031968032,
      "lr": 0.00025
    },
    {
      "epoch": 8,
      "train_loss": 1.8164145817366495,
      "train_accuracy": 0.036009895281141305,
      "train_balanced_accuracy": 0.3794044286652255,
      "train_f1_macro": 0.08374164418562749,
      "val_loss": 2.1787446401434565,
      "val_accuracy": 0.02309307207837649,
      "val_balanced_accuracy": 0.23099726360595926,
      "val_f1_macro": 0.03944219750589821,
      "lr": 0.00025
    },
    {
      "epoch": 9,
      "train_loss": 1.8000709145112095,
      "train_accuracy": 0.03695850305972509,
      "train_balanced_accuracy": 0.38448482682119745,
      "train_f1_macro": 0.08729246737110406,
      "val_loss": 2.242033141038066,
      "val_accuracy": 0.01959412176347096,
      "val_balanced_accuracy": 0.2277992297557515,
      "val_f1_macro": 0.023860070634264183,
      "lr": 0.00025
    },
    {
      "epoch": 10,
      "train_loss": 1.7759047149115192,
      "train_accuracy": 0.03824191358369139,
      "train_balanced_accuracy": 0.3939787590006438,
      "train_f1_macro": 0.09060425820598349,
      "val_loss": 2.245867954057943,
      "val_accuracy": 0.01819454163750875,
      "val_balanced_accuracy": 0.25524475524475526,
      "val_f1_macro": 0.0168024481524457,
      "lr": 0.000125
    },
    {
      "epoch": 11,
      "train_loss": 1.7590574944185393,
      "train_accuracy": 0.04013912914085895,
      "train_balanced_accuracy": 0.40760323409825583,
      "train_f1_macro": 0.09851667276684441,
      "val_loss": 2.2383563534207407,
      "val_accuracy": 0.02239328201539538,
      "val_balanced_accuracy": 0.23166268692179168,
      "val_f1_macro": 0.029349562523742562,
      "lr": 0.000125
    },
    {
      "epoch": 12,
      "train_loss": 1.7432107811888717,
      "train_accuracy": 0.041403939512304,
      "train_balanced_accuracy": 0.41473112423887387,
      "train_f1_macro": 0.10243624179668351,
      "val_loss": 2.2629441108463357,
      "val_accuracy": 0.026592022393282014,
      "val_balanced_accuracy": 0.2654419442795826,
      "val_f1_macro": 0.03208093725725585,
      "lr": 0.000125
    },
    {
      "epoch": 13,
      "train_loss": 1.7287291533854352,
      "train_accuracy": 0.042278146680802785,
      "train_balanced_accuracy": 0.42593002302308175,
      "train_f1_macro": 0.10470249390672788,
      "val_loss": 2.2223082562106904,
      "val_accuracy": 0.02239328201539538,
      "val_balanced_accuracy": 0.23909519923718545,
      "val_f1_macro": 0.02587940284685949,
      "lr": 0.000125
    }
  ],
  "train_counts": [
    319,
    2256,
    25736,
    25452
  ],
  "val_counts": [
    230,
    1430,
    8130,
    4500
  ],
  "test_counts": [
    40,
    843,
    8853,
    8250
  ],
  "train_loss": 1.7287291533854352,
  "val_loss": 2.2223082562106904,
  "test_loss": 2.400067902268815,
  "train_row_metrics": {
    "accuracy": 0.042278146680802785,
    "balanced_accuracy": 0.42593002302308175,
    "f1_macro": 0.10470249390672788,
    "precision_macro": 0.512192861455706,
    "recall_macro": 0.42593002302308175,
    "precision_per_class": [
      0.006639514657842264,
      0.2573683362860364,
      0.9130434782608695,
      0.8717201166180758
    ],
    "recall_per_class": [
      0.9811912225705329,
      0.7083333333333334,
      0.0024479328566987878,
      0.011747603331761747
    ],
    "f1_per_class": [
      0.013189776869429636,
      0.37755463673951567,
      0.004882774656074404,
      0.02318278736189184
    ],
    "support_per_class": [
      319,
      2256,
      25736,
      25452
    ],