{
  "manifest": "/home/bear/engagement-cpu/data/processed/runs/openface709_pca_manifests/pca224/feature_manifest.csv",
  "checkpoint": "/home/bear/engagement-cpu/scripts/../checkpoints/runs/train_all_pca224_20260601_104210/rnn_gru/engagement_gru.pt",
  "split": "test",
  "rows": 7136,
  "videos": 1784,
  "batch_size": 128,
  "threshold": 0.4099999999999998,
  "aggregation": "video",
  "loss": 1.119736161467206,
  "metrics": {
    "accuracy": 0.602017937219731,
    "precision_pos": 0.6952662721893491,
    "recall_pos": 0.7592891760904685,
    "f1_pos": 0.7258687258687259,
    "precision_neg": 0.3101851851851852,
    "recall_neg": 0.2454212454212454,
    "f1_neg": 0.2740286298568507,
    "balanced_accuracy": 0.502355210755857,
    "f1_macro": 0.4999486778627883,
    "tp": 940.0,
    "tn": 134.0,
    "fp": 412.0,
    "fn": 298.0
  },
  "row_metrics": {
    "accuracy": 0.5964125560538116,
    "precision_pos": 0.6980122324159022,
    "recall_pos": 0.7374798061389337,
    "f1_pos": 0.7172034564021995,
    "precision_neg": 0.3172268907563025,
    "recall_neg": 0.2765567765567766,
    "f1_neg": 0.29549902152641877,
    "balanced_accuracy": 0.5070182913478551,
    "f1_macro": 0.5063512389643091,
    "tp": 3652.0,
    "tn": 604.0,
    "fp": 1580.0,
    "fn": 1300.0
  },
  "video_metrics": {
    "accuracy": 0.602017937219731,
    "precision_pos": 0.6952662721893491,
    "recall_pos": 0.7592891760904685,
    "f1_pos": 0.7258687258687259,
    "precision_neg": 0.3101851851851852,
    "recall_neg": 0.2454212454212454,
    "f1_neg": 0.2740286298568507,
    "balanced_accuracy": 0.502355210755857,
    "f1_macro": 0.4999486778627883,
    "tp": 940.0,
    "tn": 134.0,
    "fp": 412.0,
    "fn": 298.0
  },
  "model_kwargs": {
    "model_name": "gru",
    "input_size": 224,
    "hidden_size": 192,
    "num_layers": 3,
    "dropout": 0.25,
    "num_heads": 4,
    "kernel_size": 5,
    "tcn_blocks": 4,
    "max_seq_len": 30
  }
}