{
  "manifest": "/home/bear/engagement-cpu/scripts/../checkpoints/runs/train_all_train_all_20260529_170448/rnn_manifest.local.csv",
  "checkpoint": "/home/bear/engagement-cpu/scripts/../checkpoints/runs/train_all_train_all_20260529_170448/rnn_tcn/engagement_tcn.pt",
  "split": "test",
  "rows": 17986,
  "videos": 1784,
  "batch_size": 128,
  "threshold": 0.6099999999999998,
  "aggregation": "video",
  "loss": 0.7125771714174136,
  "metrics": {
    "accuracy": 0.6967488789237668,
    "precision_pos": 0.8800436205016358,
    "recall_pos": 0.6518578352180937,
    "f1_pos": 0.7489559164733178,
    "precision_neg": 0.5028835063437139,
    "recall_neg": 0.7985347985347986,
    "f1_neg": 0.6171266808209483,
    "balanced_accuracy": 0.7251963168764461,
    "f1_macro": 0.683041298647133,
    "tp": 807.0,
    "tn": 436.0,
    "fp": 110.0,
    "fn": 431.0
  },
  "row_metrics": {
    "accuracy": 0.6711331035249639,
    "precision_pos": 0.860207991242474,
    "recall_pos": 0.6288412291933418,
    "f1_pos": 0.7265498589986593,
    "precision_neg": 0.47599141339961587,
    "recall_neg": 0.7673952641165755,
    "f1_neg": 0.5875461962206262,
    "balanced_accuracy": 0.6981182466549587,
    "f1_macro": 0.6570480276096428,
    "tp": 7858.0,
    "tn": 4213.0,
    "fp": 1277.0,
    "fn": 4638.0
  },
  "video_metrics": {
    "accuracy": 0.6967488789237668,
    "precision_pos": 0.8800436205016358,
    "recall_pos": 0.6518578352180937,
    "f1_pos": 0.7489559164733178,
    "precision_neg": 0.5028835063437139,
    "recall_neg": 0.7985347985347986,
    "f1_neg": 0.6171266808209483,
    "balanced_accuracy": 0.7251963168764461,
    "f1_macro": 0.683041298647133,
    "tp": 807.0,
    "tn": 436.0,
    "fp": 110.0,
    "fn": 431.0
  },
  "model_kwargs": {
    "model_name": "tcn",
    "input_size": 90,
    "hidden_size": 192,
    "num_layers": 3,
    "dropout": 0.25,
    "num_heads": 4,
    "kernel_size": 5,
    "tcn_blocks": 4,
    "max_seq_len": 30
  }
}