{
  "manifest": "/home/bear/engagement-cpu/data/processed/runs/openface709_pca_manifests/pca384/feature_manifest.csv",
  "checkpoint": "/home/bear/engagement-cpu/scripts/../checkpoints/runs/train_all_pca384_20260601_114342/rnn_gru/engagement_gru.pt",
  "split": "test",
  "rows": 7136,
  "videos": 1784,
  "batch_size": 128,
  "threshold": 0.8699999999999996,
  "aggregation": "video",
  "loss": 1.3604082326183404,
  "metrics": {
    "accuracy": 0.41591928251121074,
    "precision_pos": 0.7987804878048781,
    "recall_pos": 0.21163166397415187,
    "f1_pos": 0.3346104725415071,
    "precision_neg": 0.32967032967032966,
    "recall_neg": 0.8791208791208791,
    "f1_neg": 0.4795204795204796,
    "balanced_accuracy": 0.5453762715475154,
    "f1_macro": 0.40706547603099336,
    "tp": 262.0,
    "tn": 480.0,
    "fp": 66.0,
    "fn": 976.0
  },
  "row_metrics": {
    "accuracy": 0.4331558295964126,
    "precision_pos": 0.7578169414440022,
    "recall_pos": 0.26918416801292405,
    "f1_pos": 0.3972582327521979,
    "precision_neg": 0.3269481123302957,
    "recall_neg": 0.804945054945055,
    "f1_neg": 0.46501785478111357,
    "balanced_accuracy": 0.5370646114789895,
    "f1_macro": 0.43113804376665577,
    "tp": 1333.0,
    "tn": 1758.0,
    "fp": 426.0,
    "fn": 3619.0
  },
  "video_metrics": {
    "accuracy": 0.41591928251121074,
    "precision_pos": 0.7987804878048781,
    "recall_pos": 0.21163166397415187,
    "f1_pos": 0.3346104725415071,
    "precision_neg": 0.32967032967032966,
    "recall_neg": 0.8791208791208791,
    "f1_neg": 0.4795204795204796,
    "balanced_accuracy": 0.5453762715475154,
    "f1_macro": 0.40706547603099336,
    "tp": 262.0,
    "tn": 480.0,
    "fp": 66.0,
    "fn": 976.0
  },
  "model_kwargs": {
    "model_name": "gru",
    "input_size": 384,
    "hidden_size": 192,
    "num_layers": 3,
    "dropout": 0.25,
    "num_heads": 4,
    "kernel_size": 5,
    "tcn_blocks": 4,
    "max_seq_len": 30
  }
}