{
  "status": "success",
  "protocol": "holdout_selected_xgboost_accuracy_sweep",
  "manifest": "data/processed/runs/daisee_4class_final_dataset/feature_manifest.csv",
  "feature_mode": "tsfresh",
  "selection_objective": "holdout_video_accuracy",
  "selected": {
    "config": {
      "name": "unweighted_d7",
      "weight_power": 0.0,
      "max_depth": 7,
      "min_child_weight": 4.0,
      "gamma": 0.0
    },
    "rounds": 475
  },
  "test_row_metrics": {
    "accuracy": 0.8065161792505282,
    "balanced_accuracy": 0.6711514399449245,
    "f1_macro": 0.7463240832739524,
    "precision_macro": 0.8933980025747995,
    "recall_macro": 0.6711514399449245,
    "precision_per_class": [
      1.0,
      0.9625,
      0.7778679379247389,
      0.8332240723744592
    ],
    "recall_per_class": [
      0.5,
      0.5480427046263345,
      0.8662600248503333,
      0.7703030303030303
    ],
    "f1_per_class": [
      0.6666666666666666,
      0.6984126984126984,
      0.8196879008123129,
      0.8005290672041318
    ],
    "support_per_class": [
      40,
      843,
      8853,
      8250
    ],
    "confusion_matrix": [
      [
        20,
        4,
        10,
        6
      ],
      [
        0,
        462,
        291,
        90
      ],
      [
        0,
        8,
        7669,
        1176
      ],
      [
        0,
        6,
        1889,
        6355
      ]
    ],
    "cross_entropy": 0.5451230350272696
  },
  "test_video_metrics": {
    "accuracy": 0.875560538116592,
    "balanced_accuracy": 0.7097425579568436,
    "f1_macro": 0.7867006140386791,
    "precision_macro": 0.9394984445570392,
    "recall_macro": 0.7097425579568436,
    "precision_per_class": [
      1.0,
      1.0,
      0.8344965104685942,
      0.9234972677595629
    ],
    "recall_per_class": [
      0.5,
      0.5595238095238095,
      0.9489795918367347,
      0.8304668304668305
    ],
    "f1_per_class": [
      0.6666666666666666,
      0.7175572519083969,
      0.8880636604774536,
      0.8745148771021992
    ],
    "support_per_class": [
      4,
      84,
      882,
      814
    ],
    "confusion_matrix": [
      [
        2,
        0,
        1,
        1
      ],
      [
        0,
        47,
        27,
        10
      ],
      [
        0,
        0,
        837,
        45
      ],
      [
        0,
        0,
        138,
        676
      ]
    ],
    "cross_entropy": 0.4972292023766202
  },
  "latency": {
    "latency_kind": "processed_feature_sequence",
    "sample_feature_path": "data/processed/runs/baseline_pipeline_features/features/5000441001_seg0000.npy",
    "model_side": {
      "variant": "accuracy_boost_xgboost",
      "latency_ms_mean": 0.8978250350446615,
      "latency_ms_median": 0.8798804992693476,
      "latency_ms_p95": 0.9747080002853181,
      "latency_ms_min": 0.8391920018766541,
      "latency_ms_max": 1.1879209996550344
    },
    "end_to_end": {
      "variant": "accuracy_boost_xgboost",
      "latency_ms_mean": 4.497967544994026,
      "latency_ms_median": 4.474210001717438,
      "latency_ms_p95": 4.741834000014933,
      "latency_ms_min": 4.261148998921271,
      "latency_ms_max": 4.953009996825131
    }
  },
  "artifacts": {
    "model": "checkpoints/runs/accuracy_boost_xgb_4class_20260616_041407/model.json",
    "preprocessor": "checkpoints/runs/accuracy_boost_xgb_4class_20260616_041407/preprocessor.npz"
  },
  "candidates": [
    {
      "config": {
        "name": "unweighted_d4",
        "weight_power": 0.0,
        "max_depth": 4,
        "min_child_weight": 3.0,
        "gamma": 0.0
      },
      "selected_rounds": 325
    },
    {
      "config": {
        "name": "unweighted_d5",
        "weight_power": 0.0,
        "max_depth": 5,
        "min_child_weight": 3.0,
        "gamma": 0.0
      },
      "selected_rounds": 775
    },
    {
      "config": {
        "name": "unweighted_d6",
        "weight_power": 0.0,
        "max_depth": 6,
        "min_child_weight": 3.0,
        "gamma": 0.0
      },
      "selected_rounds": 800
    },
    {
      "config": {
        "name": "unweighted_d7",
        "weight_power": 0.0,
        "max_depth": 7,
        "min_child_weight": 4.0,
        "gamma": 0.0
      },
      "selected_rounds": 475
    },
    {
      "config": {
        "name": "mild_weight_d5",
        "weight_power": 0.25,
        "max_depth": 5,
        "min_child_weight": 3.0,
        "gamma": 0.0
      },
      "selected_rounds": 550
    },
    {
      "config": {
        "name": "sqrt_weight_d5",
        "weight_power": 0.5,
        "max_depth": 5,
        "min_child_weight": 3.0,
        "gamma": 0.0
      },
      "selected_rounds": 700
    }
  ],
  "note": "Candidate and boosting-round selection used holdout only; test was evaluated once after selection."
}
