{
  "manifest": "data/processed/runs/daisee_4class_final_dataset/feature_manifest.csv",
  "xgb_run_root": "checkpoints/runs/train_all_4class_gpu_final",
  "models": {
    "inception_lite": "checkpoints/runs/inception_lite_ensemble_balanced/inception_lite/inception_lite.pt",
    "xgboost": "checkpoints/runs/train_all_4class_gpu_final/xgboost/model.json"
  },
  "video_counts": {
    "test": 1784
  },
  "selected": {
    "weights": {
      "inception_lite": 0.44999998807907104,
      "xgboost": 0.550000011920929
    }
  },
  "test_metrics": {
    "accuracy": 0.7130044843049327,
    "balanced_accuracy": 0.8046641260926974,
    "f1_macro": 0.7244669218098488,
    "precision_macro": 0.6744945709116159,
    "recall_macro": 0.8046641260926974,
    "precision_per_class": [
      0.6666666666666666,
      0.576271186440678,
      0.7017364657814096,
      0.7533039647577092
    ],
    "recall_per_class": [
      1.0,
      0.8095238095238095,
      0.7789115646258503,
      0.6302211302211302
    ],
    "f1_per_class": [
      0.8,
      0.6732673267326733,
      0.738312735088662,
      0.6862876254180602
    ],
    "support_per_class": [
      4,
      84,
      882,
      814
    ],
    "confusion_matrix": [
      [
        4,
        0,
        0,
        0
      ],
      [
        0,
        68,
        12,
        4
      ],
      [
        1,
        30,
        687,
        164
      ],
      [
        1,
        20,
        280,
        513
      ]
    ],
    "cross_entropy": 0.9648942285421553
  },
  "test_loss": 0.9648942285421553,
  "component_reports": {
    "inception_lite": {
      "test": {
        "accuracy": 0.034753363228699555,
        "balanced_accuracy": 0.2829759258330687,
        "f1_macro": 0.10693056852989738,
        "precision_macro": 0.3744093255161355,
        "recall_macro": 0.2829759258330687,
        "precision_per_class": [
          0.0018039687312086591,
          0.3625,
          0.3333333333333333,
          0.8
        ],
        "recall_per_class": [
          0.75,
          0.34523809523809523,
          0.0022675736961451248,
          0.0343980343980344
        ],
        "f1_per_class": [
          0.003599280143971206,
          0.35365853658536583,
          0.0045045045045045045,
          0.06595995288574794
        ],
        "support_per_class": [
          4,
          84,
          882,
          814
        ],
        "confusion_matrix": [
          [
            3,
            1,
            0,
            0
          ],
          [
            55,
            29,
            0,
            0
          ],
          [
            841,
            32,
            2,
            7
          ],
          [
            764,
            18,
            4,
            28
          ]
        ],
        "cross_entropy": 1.4909628068508953
      }
    },
    "xgboost": {
      "test": {
        "accuracy": 0.7382286995515696,
        "balanced_accuracy": 0.7635176920891207,
        "f1_macro": 0.7726653856206291,
        "precision_macro": 0.7991096497709472,
        "recall_macro": 0.7635176920891207,
        "precision_per_class": [
          1.0,
          0.7029702970297029,
          0.7128712871287128,
          0.7805970149253731
        ],
        "recall_per_class": [
          0.75,
          0.8452380952380952,
          0.8163265306122449,
          0.6425061425061425
        ],
        "f1_per_class": [
          0.8571428571428571,
          0.7675675675675676,
          0.7610993657505285,
          0.7048517520215634
        ],
        "support_per_class": [
          4,
          84,
          882,
          814
        ],
        "confusion_matrix": [
          [
            3,
            0,
            1,
            0
          ],
          [
            0,
            71,
            10,
            3
          ],
          [
            0,
            18,
            720,
            144
          ],
          [
            0,
            12,
            279,
            523
          ]
        ],
        "cross_entropy": 0.6816177440912645
      }
    }
  },
  "latency": {
    "latency_kind": "processed_feature_sequence",
    "sample_feature_path": "data/processed/runs/baseline_pipeline_features/features/5000441001_seg0000.npy",
    "model_side": {
      "variant": "inception_lite+xgboost",
      "latency_ms_mean": 4.202020475277095,
      "latency_ms_median": 4.1040645010070875,
      "latency_ms_p95": 4.9815890088211745,
      "latency_ms_min": 3.4683660051086918,
      "latency_ms_max": 5.273830000078306
    },
    "end_to_end": {
      "variant": "inception_lite+xgboost",
      "latency_ms_mean": 8.443081080040429,
      "latency_ms_median": 8.362897497136146,
      "latency_ms_p95": 9.58489000913687,
      "latency_ms_min": 7.346362006501295,
      "latency_ms_max": 10.592271995847113
    }
  },
  "inception_item": {
    "model_name": "inception_lite",
    "model_family": "neural",
    "status": "success",
    "run_dir": "checkpoints/runs/inception_lite_ensemble_balanced/inception_lite",
    "checkpoint_path": "checkpoints/runs/inception_lite_ensemble_balanced/inception_lite/inception_lite.pt",
    "model_kwargs": {
      "input_size": 90,
      "hidden_size": 160,
      "num_blocks": 4,
      "dropout": 0.2,
      "num_classes": 4
    },
    "objective": "f1_macro",
    "best_epoch": 5,
    "best_score": 0.04668534480121857,
    "train_history": [
      {
        "epoch": 1,
        "train_loss": 2.006666013266455,
        "train_accuracy": 0.016479735133828097,
        "train_balanced_accuracy": 0.26714869123594814,
        "train_f1_macro": 0.042171262540506724,
        "lr": 0.00025
      },
      {
        "epoch": 2,
        "train_loss": 1.9455862602365293,
        "train_accuracy": 0.018804754198984433,
        "train_balanced_accuracy": 0.2884536601821536,
        "train_f1_macro": 0.053774164759082525,
        "lr": 0.00025
      },
      {
        "epoch": 3,
        "train_loss": 1.9106724547162008,
        "train_accuracy": 0.022710786228447074,
        "train_balanced_accuracy": 0.3073120111433239,
        "train_f1_macro": 0.06069430912482366,
        "lr": 0.00025
      },
      {
        "epoch": 4,
        "train_loss": 1.8875990873016115,
        "train_accuracy": 0.02672841917303722,
        "train_balanced_accuracy": 0.3324578895028328,
        "train_f1_macro": 0.06584405823988802,
        "lr": 0.00025
      },
      {
        "epoch": 5,
        "train_loss": 1.867008640134077,
        "train_accuracy": 0.029146439000799808,
        "train_balanced_accuracy": 0.34023386633885944,
        "train_f1_macro": 0.06995429675265856,
        "lr": 0.00025
      },
      {
        "epoch": 6,
        "train_loss": 1.8325490437698442,
        "train_accuracy": 0.03117385562561613,
        "train_balanced_accuracy": 0.35275191378239795,
        "train_f1_macro": 0.07640388437875184,
        "lr": 0.00025
      },
      {
        "epoch": 7,
        "train_loss": 1.8380238619654794,
        "train_accuracy": 0.032661867827316185,
        "train_balanced_accuracy": 0.3619171938504684,
        "train_f1_macro": 0.07872476879832238,
        "lr": 0.00025
      },
      {
        "epoch": 8,
        "train_loss": 1.8164145817366495,
        "train_accuracy": 0.036009895281141305,
        "train_balanced_accuracy": 0.3794044286652255,
        "train_f1_macro": 0.08374164418562749,
        "lr": 0.00025
      },
      {
        "epoch": 9,
        "train_loss": 1.8000709145112095,
        "train_accuracy": 0.03695850305972509,
        "train_balanced_accuracy": 0.38448482682119745,
        "train_f1_macro": 0.08729246737110406,
        "lr": 0.00025
      },
      {
        "epoch": 10,
        "train_loss": 1.7759047149115192,
        "train_accuracy": 0.03824191358369139,
        "train_balanced_accuracy": 0.3939787590006438,
        "train_f1_macro": 0.09060425820598349,
        "lr": 0.000125
      },
      {
        "epoch": 11,
        "train_loss": 1.7590574944185393,