{
  "manifest": "/home/bear/engagement-cpu/data/processed/runs/openface709_pca_manifests/pca192/feature_manifest.csv",
  "checkpoint": "/home/bear/engagement-cpu/scripts/../checkpoints/runs/train_all_pca192_20260601_102540/rnn_gru/engagement_gru.pt",
  "split": "test",
  "rows": 7136,
  "videos": 1784,
  "batch_size": 128,
  "threshold": 0.6299999999999997,
  "aggregation": "video",
  "loss": 1.0772378840254027,
  "metrics": {
    "accuracy": 0.4781390134529148,
    "precision_pos": 0.7177304964539007,
    "recall_pos": 0.4087237479806139,
    "f1_pos": 0.5208440555841483,
    "precision_neg": 0.3215940685820204,
    "recall_neg": 0.6355311355311355,
    "f1_neg": 0.427076923076923,
    "balanced_accuracy": 0.5221274417558747,
    "f1_macro": 0.47396048933053564,
    "tp": 506.0,
    "tn": 347.0,
    "fp": 199.0,
    "fn": 732.0
  },
  "row_metrics": {
    "accuracy": 0.46734865470852016,
    "precision_pos": 0.702000702000702,
    "recall_pos": 0.40387722132471726,
    "f1_pos": 0.5127547750288424,
    "precision_neg": 0.311406578026592,
    "recall_neg": 0.6112637362637363,
    "f1_neg": 0.4126101066295781,
    "balanced_accuracy": 0.5075704787942268,
    "f1_macro": 0.46268244082921023,
    "tp": 2000.0,
    "tn": 1335.0,
    "fp": 849.0,
    "fn": 2952.0
  },
  "video_metrics": {
    "accuracy": 0.4781390134529148,
    "precision_pos": 0.7177304964539007,
    "recall_pos": 0.4087237479806139,
    "f1_pos": 0.5208440555841483,
    "precision_neg": 0.3215940685820204,
    "recall_neg": 0.6355311355311355,
    "f1_neg": 0.427076923076923,
    "balanced_accuracy": 0.5221274417558747,
    "f1_macro": 0.47396048933053564,
    "tp": 506.0,
    "tn": 347.0,
    "fp": 199.0,
    "fn": 732.0
  },
  "model_kwargs": {
    "model_name": "gru",
    "input_size": 192,
    "hidden_size": 192,
    "num_layers": 3,
    "dropout": 0.25,
    "num_heads": 4,
    "kernel_size": 5,
    "tcn_blocks": 4,
    "max_seq_len": 30
  }
}