{
  "model_name": "residual_bigru_attn",
  "model_family": "neural",
  "status": "success",
  "run_dir": "checkpoints/runs/train_all_4class_gpu_final/residual_bigru_attn",
  "checkpoint_path": "checkpoints/runs/train_all_4class_gpu_final/residual_bigru_attn/residual_bigru_attn.pt",
  "model_kwargs": {
    "hidden_size": 128,
    "num_layers": 2,
    "dropout": 0.25,
    "num_heads": 4,
    "input_size": 90,
    "kernel_size": 5,
    "tcn_blocks": 4,
    "max_seq_len": 30,
    "num_classes": 4
  },
  "objective": "balanced_accuracy",
  "best_epoch": 2,
  "best_score": 0.36134693078460123,
  "best_val_row_metrics": {
    "accuracy": 0.346186144156753,
    "balanced_accuracy": 0.34464953120038955,
    "f1_macro": 0.2623964213338642,
    "precision_macro": 0.2919370649086883,
    "recall_macro": 0.34464953120038955,
    "precision_per_class": [
      0.0396,
      0.1111111111111111,
      0.6163240382658254,
      0.4007131102578168
    ],
    "recall_per_class": [
      0.43043478260869567,
      0.25104895104895103,
      0.3724477244772448,
      0.32466666666666666
    ],
    "f1_per_class": [
      0.07252747252747253,
      0.154044196524351,
      0.4643103580464617,
      0.3587036582371716
    ],
    "support_per_class": [
      230,
      1430,
      8130,
      4500
    ],
    "confusion_matrix": [
      [
        99,
        48,
        66,
        17
      ],
      [
        476,
        359,
        443,
        152
      ],
      [
        1355,
        1731,
        3028,
        2016
      ],
      [
        570,
        1093,
        1376,
        1461
      ]
    ],
    "cross_entropy": 1.377755798868348
  },
  "best_val_video_metrics": {
    "accuracy": 0.37438768369489156,
    "balanced_accuracy": 0.36134693078460123,
    "f1_macro": 0.27913712804057544,
    "precision_macro": 0.302927908254219,
    "recall_macro": 0.36134693078460123,
    "precision_per_class": [
      0.044642857142857144,
      0.12218649517684887,
      0.6307977736549165,
      0.4140845070422535
    ],
    "recall_per_class": [
      0.43478260869565216,
      0.26573426573426573,
      0.4182041820418204,
      0.32666666666666666
    ],
    "f1_per_class": [
      0.08097165991902834,
      0.16740088105726872,
      0.5029585798816568,
      0.3652173913043478
    ],
    "support_per_class": [
      23,
      143,
      813,
      450
    ],
    "confusion_matrix": [
      [
        10,
        5,
        7,
        1
      ],
      [
        45,
        38,
        47,
        13
      ],
      [
        121,
        158,
        340,
        194
      ],
      [
        48,
        110,
        145,
        147
      ]
    ],
    "cross_entropy": 1.3101428146054186
  },
  "train_history": [
    {
      "epoch": 1,
      "train_loss": 1.212225448709845,
      "train_accuracy": 0.4371221844019121,
      "train_balanced_accuracy": 0.43600629234117216,
      "train_f1_macro": 0.3170223854907866,
      "val_loss": 1.40440003107777,
      "val_accuracy": 0.2925122463261022,
      "val_balanced_accuracy": 0.3072138625764488,
      "val_f1_macro": 0.23156951497618372,
      "val_row_loss": 1.40440003107777,
      "val_row_accuracy": 0.29314205738278515,
      "val_row_balanced_accuracy": 0.3038350257065964,
      "val_row_f1_macro": 0.23561399534880195,
      "lr": 0.0003
    },
    {
      "epoch": 2,
      "train_loss": 1.1121280102064337,
      "train_accuracy": 0.4706024589401633,
      "train_balanced_accuracy": 0.4893964556830771,
      "train_f1_macro": 0.35770939871436597,
      "val_loss": 1.410964494889395,
      "val_accuracy": 0.37438768369489156,
      "val_balanced_accuracy": 0.36134693078460123,
      "val_f1_macro": 0.27913712804057544,
      "val_row_loss": 1.410964494889395,
      "val_row_accuracy": 0.346186144156753,
      "val_row_balanced_accuracy": 0.34464953120038955,
      "val_row_f1_macro": 0.2623964213338642,
      "lr": 0.0003
    },
    {
      "epoch": 3,
      "train_loss": 1.0484323471941466,
      "train_accuracy": 0.4808139426743299,
      "train_balanced_accuracy": 0.532366306454904,
      "train_f1_macro": 0.3638661230605844,
      "val_loss": 1.439196996608758,
      "val_accuracy": 0.33799860041987406,
      "val_balanced_accuracy": 0.35982210820892035,
      "val_f1_macro": 0.2720085918850835,
      "val_row_loss": 1.439196996608758,
      "val_row_accuracy": 0.3203638908327502,
      "val_row_balanced_accuracy": 0.33772966250641523,
      "val_row_f1_macro": 0.25645595954366057,
      "lr": 0.0003
    },
    {
      "epoch": 4,
      "train_loss": 1.0118454359168996,
      "train_accuracy": 0.49690307460521177,
      "train_balanced_accuracy": 0.5511556344799738,
      "train_f1_macro": 0.38489683524757073,
      "val_loss": 1.594559195727381,
      "val_accuracy": 0.31560531840447864,
      "val_balanced_accuracy": 0.31984192590481697,
      "val_f1_macro": 0.2499937888742112,
      "val_row_loss": 1.594559195727381,
      "val_row_accuracy": 0.3039888033589923,
      "val_row_balanced_accuracy": 0.30039876956385864,
      "val_row_f1_macro": 0.23939729811623858,
      "lr": 0.0003
    },
    {
      "epoch": 5,
      "train_loss": 0.9682372809310086,
      "train_accuracy": 0.4967356732325205,
      "train_balanced_accuracy": 0.5723868792876745,
      "train_f1_macro": 0.3948600011568983,
      "val_loss": 1.6338525164452693,
      "val_accuracy": 0.3079076277116865,
      "val_balanced_accuracy": 0.3065180093272505,
      "val_f1_macro": 0.23697764151231776,
      "val_row_loss": 1.6338525164452693,
      "val_row_accuracy": 0.2973407977606718,
      "val_row_balanced_accuracy": 0.28871815247340676,
      "val_row_f1_macro": 0.22842224884416484,
      "lr": 0.0003
    },
    {
      "epoch": 6,
      "train_loss": 0.9368140598764564,
      "train_accuracy": 0.5050313412569983,
      "train_balanced_accuracy": 0.5894520852241604,
      "train_f1_macro": 0.4058581170146272,
      "val_loss": 1.8188328723627174,
      "val_accuracy": 0.35129461161651504,
      "val_balanced_accuracy": 0.2905181889611538,
      "val_f1_macro": 0.2535594686027167,
      "val_row_loss": 1.8188328723627174,
      "val_row_accuracy": 0.3349895031490553,
      "val_row_balanced_accuracy": 0.27768598136270206,
      "val_row_f1_macro": 0.24235291043177357,
      "lr": 0.00015
    },
    {
      "epoch": 7,
      "train_loss": 0.8505281316143788,
      "train_accuracy": 0.5190744564105426,
      "train_balanced_accuracy": 0.6175408207470992,
      "train_f1_macro": 0.42389265323480063,
      "val_loss": 1.8775265776084968,
      "val_accuracy": 0.34919524142757175,
      "val_balanced_accuracy": 0.3152618198422787,
      "val_f1_macro": 0.2617989154555348,
      "val_row_loss": 1.8775265776084968,
      "val_row_accuracy": 0.3337298810356893,
      "val_row_balanced_accuracy": 0.29020126944200425,
      "val_row_f1_macro": 0.24735488869736436,
      "lr": 0.00015
    },
    {
      "epoch": 8,
      "train_loss": 0.8195267399552345,
      "train_accuracy": 0.5260309134534903,
      "train_balanced_accuracy": 0.6469900975977789,
      "train_f1_macro": 0.4366065120527559,
      "val_loss": 1.8974276290563874,
      "val_accuracy": 0.3554933519944017,
      "val_balanced_accuracy": 0.31271495452868786,
      "val_f1_macro": 0.2650482882295626,
      "val_row_loss": 1.8974276290563874,
      "val_row_accuracy": 0.3339398180545836,
      "val_row_balanced_accuracy": 0.29905694681452744,
      "val_row_f1_macro": 0.25241564328797395,
      "lr": 0.00015
    }
  ],
  "train_counts": [
    319,
    2256,
    25736,
    25452
  ],
  "val_counts": [
    230,
    1430,
    8130,
    4500
  ],
  "test_counts": [
    40,
    843,
    8853,
    8250
  ],
  "train_loss": 0.8195267399552345,
  "val_loss": 1.8974276290563874,
  "test_loss": 1.170441213431433,
  "train_row_metrics": {
    "accuracy": 0.5260309134534903,
    "balanced_accuracy": 0.6469900975977789,
    "f1_macro": 0.4366065120527559,
    "precision_macro": 0.409486046845433,