{
  "manifest": "/home/bear/engagement-cpu/data/processed/runs/openface709_pca_manifests/pca128/feature_manifest.csv",
  "checkpoint": "/home/bear/engagement-cpu/scripts/../checkpoints/runs/train_all_pca128_20260601_095609/rnn_gru_basic/engagement_gru_basic.pt",
  "split": "test",
  "rows": 7136,
  "videos": 1784,
  "batch_size": 128,
  "threshold": 0.4299999999999998,
  "aggregation": "video",
  "loss": 1.234191910568374,
  "metrics": {
    "accuracy": 0.5285874439461884,
    "precision_pos": 0.684995340167754,
    "recall_pos": 0.5936995153473344,
    "f1_pos": 0.6360882734746863,
    "precision_neg": 0.29254571026722925,
    "recall_neg": 0.38095238095238093,
    "f1_neg": 0.3309466984884646,
    "balanced_accuracy": 0.4873259481498577,
    "f1_macro": 0.48351748598157546,
    "tp": 735.0,
    "tn": 208.0,
    "fp": 338.0,
    "fn": 503.0
  },
  "row_metrics": {
    "accuracy": 0.5180773542600897,
    "precision_pos": 0.6833050642112914,
    "recall_pos": 0.5694668820678513,
    "f1_pos": 0.6212137900649851,
    "precision_neg": 0.2914589564639415,
    "recall_neg": 0.4015567765567766,
    "f1_neg": 0.3377623724244175,
    "balanced_accuracy": 0.48551182931231396,
    "f1_macro": 0.4794880812447013,
    "tp": 2820.0,
    "tn": 877.0,
    "fp": 1307.0,
    "fn": 2132.0
  },
  "video_metrics": {
    "accuracy": 0.5285874439461884,
    "precision_pos": 0.684995340167754,
    "recall_pos": 0.5936995153473344,
    "f1_pos": 0.6360882734746863,
    "precision_neg": 0.29254571026722925,
    "recall_neg": 0.38095238095238093,
    "f1_neg": 0.3309466984884646,
    "balanced_accuracy": 0.4873259481498577,
    "f1_macro": 0.48351748598157546,
    "tp": 735.0,
    "tn": 208.0,
    "fp": 338.0,
    "fn": 503.0
  },
  "model_kwargs": {
    "model_name": "gru_basic",
    "input_size": 128,
    "hidden_size": 192,
    "num_layers": 3,
    "dropout": 0.25,
    "num_heads": 4,
    "kernel_size": 5,
    "tcn_blocks": 4,
    "max_seq_len": 30
  }
}