{
  "manifest": "/home/bear/engagement-cpu/scripts/../checkpoints/runs/train_all_p2_full_20260522_185411/rnn_manifest.local.csv",
  "checkpoint": "/home/bear/engagement-cpu/scripts/../checkpoints/runs/train_all_p2_full_20260522_185411/rnn_tiny_transformer/engagement_tiny_transformer.pt",
  "split": "test",
  "rows": 17986,
  "batch_size": 128,
  "threshold": 0.30999999999999994,
  "loss": 0.9796879161760272,
  "metrics": {
    "accuracy": 0.5234626932058267,
    "precision_pos": 0.7317274766796552,
    "recall_pos": 0.4959186939820743,
    "f1_pos": 0.5911757691390412,
    "precision_neg": 0.33813176421141117,
    "recall_neg": 0.5861566484517304,
    "f1_neg": 0.4288665289531552,
    "balanced_accuracy": 0.5410376712169024,
    "f1_macro": 0.5100211490460982,
    "tp": 6197.0,
    "tn": 3218.0,
    "fp": 2272.0,
    "fn": 6299.0
  },
  "model_kwargs": {
    "model_name": "tiny_transformer",
    "input_size": 90,
    "hidden_size": 192,
    "num_layers": 3,
    "dropout": 0.25,
    "num_heads": 4,
    "kernel_size": 5,
    "tcn_blocks": 4,
    "max_seq_len": 30
  }
}