{
  "manifest": "/home/bear/engagement-cpu/data/processed/runs/openface709_pca_manifests/pca256/feature_manifest.csv",
  "checkpoint": "/home/bear/engagement-cpu/scripts/../checkpoints/runs/train_all_pca256_20260601_110040/rnn_gru_basic/engagement_gru_basic.pt",
  "split": "test",
  "rows": 7136,
  "videos": 1784,
  "batch_size": 128,
  "threshold": 0.7199999999999996,
  "aggregation": "video",
  "loss": 1.2343143542785815,
  "metrics": {
    "accuracy": 0.44114349775784756,
    "precision_pos": 0.7875894988066826,
    "recall_pos": 0.2665589660743134,
    "f1_pos": 0.3983101991550996,
    "precision_neg": 0.3347985347985348,
    "recall_neg": 0.836996336996337,
    "f1_neg": 0.47828362114076395,
    "balanced_accuracy": 0.5517776515353252,
    "f1_macro": 0.43829691014793176,
    "tp": 330.0,
    "tn": 457.0,
    "fp": 89.0,
    "fn": 908.0
  },
  "row_metrics": {
    "accuracy": 0.4489910313901345,
    "precision_pos": 0.7664576802507836,
    "recall_pos": 0.2962439418416801,
    "f1_pos": 0.4273230410719487,
    "precision_neg": 0.3326311757947147,
    "recall_neg": 0.7953296703296703,
    "f1_neg": 0.4690791250337564,
    "balanced_accuracy": 0.5457868060856752,
    "f1_macro": 0.44820108305285256,
    "tp": 1467.0,
    "tn": 1737.0,
    "fp": 447.0,
    "fn": 3485.0
  },
  "video_metrics": {
    "accuracy": 0.44114349775784756,
    "precision_pos": 0.7875894988066826,
    "recall_pos": 0.2665589660743134,
    "f1_pos": 0.3983101991550996,
    "precision_neg": 0.3347985347985348,
    "recall_neg": 0.836996336996337,
    "f1_neg": 0.47828362114076395,
    "balanced_accuracy": 0.5517776515353252,
    "f1_macro": 0.43829691014793176,
    "tp": 330.0,
    "tn": 457.0,
    "fp": 89.0,
    "fn": 908.0
  },
  "model_kwargs": {
    "model_name": "gru_basic",
    "input_size": 256,
    "hidden_size": 192,
    "num_layers": 3,
    "dropout": 0.25,
    "num_heads": 4,
    "kernel_size": 5,
    "tcn_blocks": 4,
    "max_seq_len": 30
  }
}