{
  "manifest": "/home/bear/engagement-cpu/scripts/../checkpoints/runs/train_all_p2_20260522_180224/rnn_manifest.local.csv",
  "checkpoint": "/home/bear/engagement-cpu/scripts/../checkpoints/runs/train_all_p2_20260522_180224/rnn_gru_basic/engagement_gru_basic.pt",
  "split": "test",
  "rows": 17986,
  "batch_size": 128,
  "threshold": 0.3199999999999999,
  "loss": 1.011205736739503,
  "metrics": {
    "accuracy": 0.5079506282664294,
    "precision_pos": 0.7410737900026448,
    "recall_pos": 0.44846350832266324,
    "f1_pos": 0.5587795393359258,
    "precision_neg": 0.33883346124328473,
    "recall_neg": 0.6433515482695811,
    "f1_neg": 0.4438858866406938,
    "balanced_accuracy": 0.5459075282961221,
    "f1_macro": 0.5013327129883098,
    "tp": 5604.0,
    "tn": 3532.0,
    "fp": 1958.0,
    "fn": 6892.0
  },
  "model_kwargs": {
    "model_name": "gru_basic",
    "input_size": 90,
    "hidden_size": 128,
    "num_layers": 2,
    "dropout": 0.3,
    "num_heads": 4,
    "kernel_size": 3,
    "tcn_blocks": 3,
    "max_seq_len": 30
  }
}