{
  "pipeline": "santoni_openface_plus_papercnn_arch",
  "feature_backend": "OpenFace FeatureExtraction",
  "video": "/home/bear/engagement-cpu/data/raw/daisee/DAiSEE/DataSet/Test/500044/5000441001/5000441001.avi",
  "threads": 2,
  "warmup": 1,
  "iters": 3,
  "frames_processed": null,
  "windows": 1,
  "feature_extract_mean_ms": 11637.217735333252,
  "feature_extract_median_ms": 11429.793980998511,
  "feature_extract_p95_ms": 12131.767471997591,
  "model_infer_mean_ms": 119.6427080334009,
  "model_infer_median_ms": 119.04507600047509,
  "model_infer_p95_ms": 124.35284199455054,
  "end_to_end_mean_ms": 11756.860443366653,
  "end_to_end_median_ms": 11548.839056998986,
  "end_to_end_p95_ms": 12256.120313992142,
  "note": "Raw-video benchmark for Santoni-style pipeline; model forward is architecture-level PaperCNN on CPU."
}