{
  "manifest": "/home/bear/engagement-cpu/data/processed/runs/openface709_pca_manifests/pca160/feature_manifest.csv",
  "checkpoint": "/home/bear/engagement-cpu/scripts/../checkpoints/runs/train_all_pca160_20260601_101009/rnn_tcn/engagement_tcn.pt",
  "split": "test",
  "rows": 7136,
  "videos": 1784,
  "batch_size": 128,
  "threshold": 0.5,
  "aggregation": "video",
  "loss": 1.3650398441494314,
  "metrics": {
    "accuracy": 0.47757847533632286,
    "precision_pos": 0.6663043478260869,
    "recall_pos": 0.49515347334410337,
    "f1_pos": 0.5681186283595923,
    "precision_neg": 0.27662037037037035,
    "recall_neg": 0.43772893772893773,
    "f1_neg": 0.33900709219858155,
    "balanced_accuracy": 0.4664412055365206,
    "f1_macro": 0.4535628602790869,
    "tp": 613.0,
    "tn": 239.0,
    "fp": 307.0,
    "fn": 625.0
  },
  "row_metrics": {
    "accuracy": 0.47631726457399104,
    "precision_pos": 0.6682359457214068,
    "recall_pos": 0.4872778675282714,
    "f1_pos": 0.5635875277356066,
    "precision_neg": 0.2797163120567376,
    "recall_neg": 0.45146520146520147,
    "f1_neg": 0.34541951304957086,
    "balanced_accuracy": 0.4693715344967364,
    "f1_macro": 0.45450352039258873,
    "tp": 2413.0,
    "tn": 986.0,
    "fp": 1198.0,
    "fn": 2539.0
  },
  "video_metrics": {
    "accuracy": 0.47757847533632286,
    "precision_pos": 0.6663043478260869,
    "recall_pos": 0.49515347334410337,
    "f1_pos": 0.5681186283595923,
    "precision_neg": 0.27662037037037035,
    "recall_neg": 0.43772893772893773,
    "f1_neg": 0.33900709219858155,
    "balanced_accuracy": 0.4664412055365206,
    "f1_macro": 0.4535628602790869,
    "tp": 613.0,
    "tn": 239.0,
    "fp": 307.0,
    "fn": 625.0
  },
  "model_kwargs": {
    "model_name": "tcn",
    "input_size": 160,
    "hidden_size": 192,
    "num_layers": 3,
    "dropout": 0.25,
    "num_heads": 4,
    "kernel_size": 5,
    "tcn_blocks": 4,
    "max_seq_len": 30
  }
}