{
  "manifest": "/home/bear/engagement-cpu/data/processed/runs/openface709_pca_manifests/pca224/feature_manifest.csv",
  "model": "/home/bear/engagement-cpu/scripts/../checkpoints/runs/trainml_pca224_ml/engagement_xgb.json",
  "summary_json": "/home/bear/engagement-cpu/scripts/../checkpoints/runs/trainml_pca224_ml/engagement_xgb.summary.json",
  "backend": "xgboost",
  "split": "test",
  "rows": 7136,
  "videos": 1784,
  "feature_mode": "tsfresh",
  "threshold": 0.49000000000000005,
  "aggregation": "video",
  "metrics": {
    "accuracy": 0.5431614349775785,
    "precision_neg": 0.3404507710557533,
    "recall_neg": 0.5256410256410257,
    "f1_neg": 0.4132469402447804,
    "precision_pos": 0.7247608926673751,
    "recall_pos": 0.5508885298869144,
    "f1_pos": 0.6259752179899036,
    "balanced_accuracy": 0.53826477776397,
    "f2_pos": 0.5786526387239097,
    "tp": 682.0,
    "tn": 287.0,
    "fp": 259.0,
    "fn": 556.0
  },
  "row_metrics": {
    "accuracy": 0.5406390134529148,
    "precision_neg": 0.3343428225317989,
    "recall_neg": 0.5054945054945055,
    "f1_neg": 0.4024790375501276,
    "precision_pos": 0.7183098591549296,
    "recall_pos": 0.5561389337641357,
    "f1_pos": 0.6269064420669247,
    "balanced_accuracy": 0.5308167196293205,
    "f2_pos": 0.5824380340072752,
    "tp": 2754.0,
    "tn": 1104.0,
    "fp": 1080.0,
    "fn": 2198.0
  },
  "video_metrics": {
    "accuracy": 0.5431614349775785,
    "precision_neg": 0.3404507710557533,
    "recall_neg": 0.5256410256410257,
    "f1_neg": 0.4132469402447804,
    "precision_pos": 0.7247608926673751,
    "recall_pos": 0.5508885298869144,
    "f1_pos": 0.6259752179899036,
    "balanced_accuracy": 0.53826477776397,
    "f2_pos": 0.5786526387239097,
    "tp": 682.0,
    "tn": 287.0,
    "fp": 259.0,
    "fn": 556.0
  }
}