{
  "model_type": "xgboost",
  "manifest": "/home/bear/engagement-cpu/data/processed/runs/openface709_pca_manifests/pca128/feature_manifest.csv",
  "rows_used": 34284,
  "sample": false,
  "sample_videos": 10,
  "selected_threshold": 0.4700000000000001,
  "checkpoint_metric": "validation_accuracy",
  "threshold_objective": "accuracy",
  "validation_metrics": {
    "accuracy": 0.6249125262421273,
    "precision_neg": 0.6176104542626011,
    "recall_neg": 0.6844827586206896,
    "f1_neg": 0.6493294079162578,
    "precision_pos": 0.6342925659472423,
    "recall_pos": 0.5635653409090909,
    "f1_pos": 0.5968409176382099,
    "balanced_accuracy": 0.6240240497648903,
    "f2_pos": 0.5764201656254541,
    "tp": 1587.0,
    "tn": 1985.0,
    "fp": 915.0,
    "fn": 1229.0
  },
  "test_metrics": {
    "accuracy": 0.5533912556053812,
    "precision_neg": 0.33530377668308703,
    "recall_neg": 0.4674908424908425,
    "f1_neg": 0.3905144387072098,
    "precision_pos": 0.7157174285015888,
    "recall_pos": 0.5912762520193862,
    "f1_pos": 0.6475727081720668,
    "balanced_accuracy": 0.5293835472551143,
    "f2_pos": 0.6125779321310515,
    "tp": 2928.0,
    "tn": 1021.0,
    "fp": 1163.0,
    "fn": 2024.0
  },
  "best_iteration": 123,
  "feature_mode": "tsfresh",
  "cpu_workers": 2,
  "dim_reduction": "none",
  "dim_components": 128,
  "oversample": "none",
  "preprocessor_path": "/home/bear/engagement-cpu/checkpoints/runs/trainml_pca128_ml/engagement_xgb.preprocess.npz"
}