{
  "manifest": "/home/bear/engagement-cpu/data/processed/runs/openface709_pca_manifests/pca192/feature_manifest.csv",
  "checkpoint": "/home/bear/engagement-cpu/scripts/../checkpoints/runs/train_all_pca192_20260601_102540/rnn_tcn/engagement_tcn.pt",
  "split": "test",
  "rows": 7136,
  "videos": 1784,
  "batch_size": 128,
  "threshold": 0.6899999999999997,
  "aggregation": "video",
  "loss": 1.2160018335008835,
  "metrics": {
    "accuracy": 0.4742152466367713,
    "precision_pos": 0.7238805970149254,
    "recall_pos": 0.39176090468497576,
    "f1_pos": 0.5083857442348009,
    "precision_neg": 0.3240574506283663,
    "recall_neg": 0.6611721611721612,
    "f1_neg": 0.43493975903614457,
    "balanced_accuracy": 0.5264665329285685,
    "f1_macro": 0.4716627516354727,
    "tp": 485.0,
    "tn": 361.0,
    "fp": 185.0,
    "fn": 753.0
  },
  "row_metrics": {
    "accuracy": 0.4750560538116592,
    "precision_pos": 0.7176895306859206,
    "recall_pos": 0.401453957996769,
    "f1_pos": 0.5148925148925149,
    "precision_neg": 0.3211177278973889,
    "recall_neg": 0.641941391941392,
    "f1_neg": 0.42809160305343513,
    "balanced_accuracy": 0.5216976749690805,
    "f1_macro": 0.47149205897297497,
    "tp": 1988.0,
    "tn": 1402.0,
    "fp": 782.0,
    "fn": 2964.0
  },
  "video_metrics": {
    "accuracy": 0.4742152466367713,
    "precision_pos": 0.7238805970149254,
    "recall_pos": 0.39176090468497576,
    "f1_pos": 0.5083857442348009,
    "precision_neg": 0.3240574506283663,
    "recall_neg": 0.6611721611721612,
    "f1_neg": 0.43493975903614457,
    "balanced_accuracy": 0.5264665329285685,
    "f1_macro": 0.4716627516354727,
    "tp": 485.0,
    "tn": 361.0,
    "fp": 185.0,
    "fn": 753.0
  },
  "model_kwargs": {
    "model_name": "tcn",
    "input_size": 192,
    "hidden_size": 192,
    "num_layers": 3,
    "dropout": 0.25,
    "num_heads": 4,
    "kernel_size": 5,
    "tcn_blocks": 4,
    "max_seq_len": 30
  }
}