{
  "manifest": "/home/bear/engagement-cpu/data/processed/runs/openface709_pca_manifests/pca224/feature_manifest.csv",
  "checkpoint": "/home/bear/engagement-cpu/scripts/../checkpoints/runs/train_all_pca224_20260601_104210/rnn_tcn/engagement_tcn.pt",
  "split": "test",
  "rows": 7136,
  "videos": 1784,
  "batch_size": 128,
  "threshold": 0.7699999999999997,
  "aggregation": "video",
  "loss": 1.2658106008452685,
  "metrics": {
    "accuracy": 0.4792600896860987,
    "precision_pos": 0.6924034869240349,
    "recall_pos": 0.4491114701130856,
    "f1_pos": 0.5448309652131308,
    "precision_neg": 0.30479102956167176,
    "recall_neg": 0.5476190476190477,
    "f1_neg": 0.39161755075311067,
    "balanced_accuracy": 0.49836525886606664,
    "f1_macro": 0.46822425798312073,
    "tp": 556.0,
    "tn": 299.0,
    "fp": 247.0,
    "fn": 682.0
  },
  "row_metrics": {
    "accuracy": 0.4792600896860987,
    "precision_pos": 0.6853629274145171,
    "recall_pos": 0.4614297253634895,
    "f1_pos": 0.5515327057687666,
    "precision_neg": 0.29852709100473435,
    "recall_neg": 0.5196886446886447,
    "f1_neg": 0.3792181757434013,
    "balanced_accuracy": 0.4905591850260671,
    "f1_macro": 0.46537544075608395,
    "tp": 2285.0,
    "tn": 1135.0,
    "fp": 1049.0,
    "fn": 2667.0
  },
  "video_metrics": {
    "accuracy": 0.4792600896860987,
    "precision_pos": 0.6924034869240349,
    "recall_pos": 0.4491114701130856,
    "f1_pos": 0.5448309652131308,
    "precision_neg": 0.30479102956167176,
    "recall_neg": 0.5476190476190477,
    "f1_neg": 0.39161755075311067,
    "balanced_accuracy": 0.49836525886606664,
    "f1_macro": 0.46822425798312073,
    "tp": 556.0,
    "tn": 299.0,
    "fp": 247.0,
    "fn": 682.0
  },
  "model_kwargs": {
    "model_name": "tcn",
    "input_size": 224,
    "hidden_size": 192,
    "num_layers": 3,
    "dropout": 0.25,
    "num_heads": 4,
    "kernel_size": 5,
    "tcn_blocks": 4,
    "max_seq_len": 30
  }
}