{
  "manifest": "/home/bear/engagement-cpu/scripts/../checkpoints/runs/train_all_train_all_20260529_170448/rnn_manifest.local.csv",
  "checkpoint": "/home/bear/engagement-cpu/scripts/../checkpoints/runs/train_all_train_all_20260529_170448/rnn_tiny_transformer/engagement_tiny_transformer.pt",
  "split": "test",
  "rows": 17986,
  "videos": 1784,
  "batch_size": 128,
  "threshold": 0.5499999999999998,
  "aggregation": "video",
  "loss": 0.8429209514930438,
  "metrics": {
    "accuracy": 0.6754484304932735,
    "precision_pos": 0.7934105075690115,
    "recall_pos": 0.7197092084006462,
    "f1_pos": 0.7547649301143583,
    "precision_neg": 0.4750378214826021,
    "recall_neg": 0.575091575091575,
    "f1_neg": 0.5202982601491299,
    "balanced_accuracy": 0.6474003917461106,
    "f1_macro": 0.6375315951317442,
    "tp": 891.0,
    "tn": 314.0,
    "fp": 232.0,
    "fn": 347.0
  },
  "row_metrics": {
    "accuracy": 0.6573446013566107,
    "precision_pos": 0.7874716295960055,
    "recall_pos": 0.6941421254801536,
    "f1_pos": 0.7378673812258092,
    "precision_neg": 0.4517285898723282,
    "recall_neg": 0.5735883424408015,
    "f1_neg": 0.5054169007302785,
    "balanced_accuracy": 0.6338652339604776,
    "f1_macro": 0.6216421409780438,
    "tp": 8674.0,
    "tn": 3149.0,
    "fp": 2341.0,
    "fn": 3822.0
  },
  "video_metrics": {
    "accuracy": 0.6754484304932735,
    "precision_pos": 0.7934105075690115,
    "recall_pos": 0.7197092084006462,
    "f1_pos": 0.7547649301143583,
    "precision_neg": 0.4750378214826021,
    "recall_neg": 0.575091575091575,
    "f1_neg": 0.5202982601491299,
    "balanced_accuracy": 0.6474003917461106,
    "f1_macro": 0.6375315951317442,
    "tp": 891.0,
    "tn": 314.0,
    "fp": 232.0,
    "fn": 347.0
  },
  "model_kwargs": {
    "model_name": "tiny_transformer",
    "input_size": 90,
    "hidden_size": 192,
    "num_layers": 3,
    "dropout": 0.25,
    "num_heads": 4,
    "kernel_size": 5,
    "tcn_blocks": 4,
    "max_seq_len": 30
  }
}