{
  "manifest": "/home/bear/engagement-cpu/data/processed/runs/openface709_pca_manifests/pca128/feature_manifest.csv",
  "checkpoint": "/home/bear/engagement-cpu/scripts/../checkpoints/runs/train_all_pca128_20260601_095609/rnn_tcn/engagement_tcn.pt",
  "split": "test",
  "rows": 7136,
  "videos": 1784,
  "batch_size": 128,
  "threshold": 0.5999999999999998,
  "aggregation": "video",
  "loss": 1.7918746722653307,
  "metrics": {
    "accuracy": 0.45683856502242154,
    "precision_pos": 0.652321630804077,
    "recall_pos": 0.46526655896607433,
    "f1_pos": 0.5431400282885431,
    "precision_neg": 0.26526082130965595,
    "recall_neg": 0.43772893772893773,
    "f1_neg": 0.3303386316516932,
    "balanced_accuracy": 0.451497748347506,
    "f1_macro": 0.43673932997011816,
    "tp": 576.0,
    "tn": 239.0,
    "fp": 307.0,
    "fn": 662.0
  },
  "row_metrics": {
    "accuracy": 0.4538957399103139,
    "precision_pos": 0.6517112453264309,
    "recall_pos": 0.4575928917609047,
    "f1_pos": 0.5376675762249377,
    "precision_neg": 0.2659196501776442,
    "recall_neg": 0.44551282051282054,
    "f1_neg": 0.3330480917336985,
    "balanced_accuracy": 0.4515528561368626,
    "f1_macro": 0.43535783397931804,
    "tp": 2266.0,
    "tn": 973.0,
    "fp": 1211.0,
    "fn": 2686.0
  },
  "video_metrics": {
    "accuracy": 0.45683856502242154,
    "precision_pos": 0.652321630804077,
    "recall_pos": 0.46526655896607433,
    "f1_pos": 0.5431400282885431,
    "precision_neg": 0.26526082130965595,
    "recall_neg": 0.43772893772893773,
    "f1_neg": 0.3303386316516932,
    "balanced_accuracy": 0.451497748347506,
    "f1_macro": 0.43673932997011816,
    "tp": 576.0,
    "tn": 239.0,
    "fp": 307.0,
    "fn": 662.0
  },
  "model_kwargs": {
    "model_name": "tcn",
    "input_size": 128,
    "hidden_size": 192,
    "num_layers": 3,
    "dropout": 0.25,
    "num_heads": 4,
    "kernel_size": 5,
    "tcn_blocks": 4,
    "max_seq_len": 30
  }
}