{
  "manifest": "/home/bear/engagement-cpu/data/processed/runs/openface709_pca_manifests/pca192/feature_manifest.csv",
  "checkpoint": "/home/bear/engagement-cpu/scripts/../checkpoints/runs/train_all_pca192_20260601_102540/rnn_gru_basic/engagement_gru_basic.pt",
  "split": "test",
  "rows": 7136,
  "videos": 1784,
  "batch_size": 128,
  "threshold": 0.47999999999999976,
  "aggregation": "video",
  "loss": 1.157487884230678,
  "metrics": {
    "accuracy": 0.5504484304932735,
    "precision_pos": 0.6949910554561717,
    "recall_pos": 0.6276252019386107,
    "f1_pos": 0.6595925297113753,
    "precision_neg": 0.3078078078078078,
    "recall_neg": 0.37545787545787546,
    "f1_neg": 0.33828382838283827,
    "balanced_accuracy": 0.5015415386982431,
    "f1_macro": 0.4989381790471068,
    "tp": 777.0,
    "tn": 205.0,
    "fp": 341.0,
    "fn": 461.0
  },
  "row_metrics": {
    "accuracy": 0.546804932735426,
    "precision_pos": 0.6966575091575091,
    "recall_pos": 0.6144991922455574,
    "f1_pos": 0.6530042918454936,
    "precision_neg": 0.31033236994219654,
    "recall_neg": 0.3933150183150183,
    "f1_neg": 0.34693053311793215,
    "balanced_accuracy": 0.5039071052802878,
    "f1_macro": 0.49996741248171284,
    "tp": 3043.0,
    "tn": 859.0,
    "fp": 1325.0,
    "fn": 1909.0
  },
  "video_metrics": {
    "accuracy": 0.5504484304932735,
    "precision_pos": 0.6949910554561717,
    "recall_pos": 0.6276252019386107,
    "f1_pos": 0.6595925297113753,
    "precision_neg": 0.3078078078078078,
    "recall_neg": 0.37545787545787546,
    "f1_neg": 0.33828382838283827,
    "balanced_accuracy": 0.5015415386982431,
    "f1_macro": 0.4989381790471068,
    "tp": 777.0,
    "tn": 205.0,
    "fp": 341.0,
    "fn": 461.0
  },
  "model_kwargs": {
    "model_name": "gru_basic",
    "input_size": 192,
    "hidden_size": 192,
    "num_layers": 3,
    "dropout": 0.25,
    "num_heads": 4,
    "kernel_size": 5,
    "tcn_blocks": 4,
    "max_seq_len": 30
  }
}