{
  "manifest": "/home/bear/engagement-cpu/scripts/../data/processed/runs/train_all_p2_full_20260522_185411/cnn_frame_manifest.csv",
  "checkpoint": "/home/bear/engagement-cpu/scripts/../checkpoints/runs/train_all_p2_full_20260522_185411/cnn/engagement_cnn.pt",
  "split": "test",
  "rows": 14241,
  "batch_size": 256,
  "model_name": "mobilenet_v3_small",
  "image_size": 112,
  "device": "cuda",
  "threshold": 0.12,
  "loss": 1.2871093246828145,
  "metrics": {
    "accuracy": 0.6088757811951407,
    "balanced_accuracy": 0.5276474989741763,
    "precision_pos": 0.7100107222926211,
    "recall_pos": 0.7373215912541755,
    "recall_neg": 0.317973406694177,
    "f1_macro": 0.5279314698855938
  }
}