{
  "model_name": "tcn",
  "model_family": "neural",
  "status": "success",
  "run_dir": "checkpoints/runs/train_all_4class_gpu_final/tcn",
  "checkpoint_path": "checkpoints/runs/train_all_4class_gpu_final/tcn/tcn.pt",
  "model_kwargs": {
    "hidden_size": 128,
    "num_layers": 2,
    "dropout": 0.25,
    "kernel_size": 5,
    "tcn_blocks": 4,
    "input_size": 90,
    "num_heads": 4,
    "max_seq_len": 30,
    "num_classes": 4
  },
  "objective": "balanced_accuracy",
  "best_epoch": 1,
  "best_score": 0.34186752691485567,
  "best_val_row_metrics": {
    "accuracy": 0.24282715185444367,
    "balanced_accuracy": 0.3359889618020534,
    "f1_macro": 0.20956051869522607,
    "precision_macro": 0.2662580932468339,
    "recall_macro": 0.3359889618020534,
    "precision_per_class": [
      0.04478609625668449,
      0.12683454348833617,
      0.5351170568561873,
      0.35829467638612766
    ],
    "recall_per_class": [
      0.29130434782608694,
      0.5741258741258741,
      0.11808118081180811,
      0.36044444444444446
    ],
    "f1_per_class": [
      0.0776361529548088,
      0.20776920156902443,
      0.19347037484885127,
      0.35936634540821977
    ],
    "support_per_class": [
      230,
      1430,
      8130,
      4500
    ],
    "confusion_matrix": [
      [
        67,
        119,
        20,
        24
      ],
      [
        222,
        821,
        129,
        258
      ],
      [
        850,
        3697,
        960,
        2623
      ],
      [
        357,
        1836,
        685,
        1622
      ]
    ],
    "cross_entropy": 1.3574199212695348
  },
  "best_val_video_metrics": {
    "accuracy": 0.24072778166550035,
    "balanced_accuracy": 0.34186752691485567,
    "f1_macro": 0.20882500737528087,
    "precision_macro": 0.26092871734476963,
    "recall_macro": 0.34186752691485567,
    "precision_per_class": [
      0.043478260869565216,
      0.13239875389408098,
      0.5082872928176796,
      0.3595505617977528
    ],
    "recall_per_class": [
      0.30434782608695654,
      0.5944055944055944,
      0.11316113161131611,
      0.35555555555555557
    ],
    "f1_per_class": [
      0.07608695652173914,
      0.21656050955414013,
      0.1851106639839034,
      0.3575418994413408
    ],
    "support_per_class": [
      23,
      143,
      813,
      450
    ],
    "confusion_matrix": [
      [
        7,
        13,
        3,
        0
      ],
      [
        24,
        85,
        9,
        25
      ],
      [
        96,
        365,
        92,
        260
      ],
      [
        34,
        179,
        77,
        160
      ]
    ],
    "cross_entropy": 1.313999758061122
  },
  "train_history": [
    {
      "epoch": 1,
      "train_loss": 1.2855191009242386,
      "train_accuracy": 0.3941372319253018,
      "train_balanced_accuracy": 0.4030540248267594,
      "train_f1_macro": 0.27702370133699983,
      "val_loss": 1.4603333403465213,
      "val_accuracy": 0.24072778166550035,
      "val_balanced_accuracy": 0.34186752691485567,
      "val_f1_macro": 0.20882500737528087,
      "val_row_loss": 1.4603333403465213,
      "val_row_accuracy": 0.24282715185444367,
      "val_row_balanced_accuracy": 0.3359889618020534,
      "val_row_f1_macro": 0.20956051869522607,
      "lr": 0.0003
    },
    {
      "epoch": 2,
      "train_loss": 1.160816257180636,
      "train_accuracy": 0.4388147982813459,
      "train_balanced_accuracy": 0.4798500406055369,
      "train_f1_macro": 0.33697766798433515,
      "val_loss": 1.4194188811880797,
      "val_accuracy": 0.3198040587823653,
      "val_balanced_accuracy": 0.3106378393519417,
      "val_f1_macro": 0.25006265477459144,
      "val_row_loss": 1.4194188811880797,
      "val_row_accuracy": 0.31889433170048986,
      "val_row_balanced_accuracy": 0.31414031346303123,
      "val_row_f1_macro": 0.25316900603110404,
      "lr": 0.0003
    },
    {
      "epoch": 3,
      "train_loss": 1.084400894002714,
      "train_accuracy": 0.45135130108066884,
      "train_balanced_accuracy": 0.5215106292879035,
      "train_f1_macro": 0.358322911186827,
      "val_loss": 1.5364025941672568,
      "val_accuracy": 0.298110566829951,
      "val_balanced_accuracy": 0.2806210826626357,
      "val_f1_macro": 0.22763809708156654,
      "val_row_loss": 1.5364025941672568,
      "val_row_accuracy": 0.29153254023792863,
      "val_row_balanced_accuracy": 0.2856220179805933,
      "val_row_f1_macro": 0.2288631372089531,
      "lr": 0.0003
    },
    {
      "epoch": 4,
      "train_loss": 1.0332262146307298,
      "train_accuracy": 0.4645388092182356,
      "train_balanced_accuracy": 0.5367265270828281,
      "train_f1_macro": 0.3621673606620688,
      "val_loss": 1.5367584056000012,
      "val_accuracy": 0.24002799160251925,
      "val_balanced_accuracy": 0.28108052909352443,
      "val_f1_macro": 0.19240458683615633,
      "val_row_loss": 1.5367584056000012,
      "val_row_accuracy": 0.2429671098670399,
      "val_row_balanced_accuracy": 0.2812067285799036,
      "val_row_f1_macro": 0.1961969581447857,
      "lr": 0.0003
    },
    {
      "epoch": 5,
      "train_loss": 0.9628863826410988,
      "train_accuracy": 0.4693562487212395,
      "train_balanced_accuracy": 0.5676612765935015,
      "train_f1_macro": 0.3798464539812821,
      "val_loss": 1.6812989306499944,
      "val_accuracy": 0.34149755073477955,
      "val_balanced_accuracy": 0.308578817834393,
      "val_f1_macro": 0.25365790752632067,
      "val_row_loss": 1.6812989306499944,
      "val_row_accuracy": 0.3296710986703989,
      "val_row_balanced_accuracy": 0.2984528674794197,
      "val_row_f1_macro": 0.24883437850703966,
      "lr": 0.00015
    },
    {
      "epoch": 6,
      "train_loss": 0.8713935272731728,
      "train_accuracy": 0.4929226419656641,
      "train_balanced_accuracy": 0.6168657449206467,
      "train_f1_macro": 0.41328782845325296,
      "val_loss": 1.8194966274345563,
      "val_accuracy": 0.3701889433170049,
      "val_balanced_accuracy": 0.29858300389023956,
      "val_f1_macro": 0.2622600541398562,
      "val_row_loss": 1.8194966274345563,
      "val_row_accuracy": 0.3521343596920924,
      "val_row_balanced_accuracy": 0.2929154187969365,
      "val_row_f1_macro": 0.2551020736541085,
      "lr": 0.00015
    },
    {
      "epoch": 7,
      "train_loss": 0.840062648322352,
      "train_accuracy": 0.5021297174636832,
      "train_balanced_accuracy": 0.6279811167542405,
      "train_f1_macro": 0.42264249784745356,
      "val_loss": 1.996871861133482,
      "val_accuracy": 0.34219734079776065,
      "val_balanced_accuracy": 0.2790971987707107,
      "val_f1_macro": 0.2500377277574323,
      "val_row_loss": 1.996871861133482,
      "val_row_accuracy": 0.33149055283414974,
      "val_row_balanced_accuracy": 0.2898951508943487,
      "val_row_f1_macro": 0.2491390959342889,
      "lr": 0.00015
    }
  ],
  "train_counts": [
    319,
    2256,
    25736,
    25452
  ],
  "val_counts": [
    230,
    1430,
    8130,
    4500
  ],
  "test_counts": [
    40,
    843,
    8853,
    8250
  ],
  "train_loss": 0.840062648322352,
  "val_loss": 1.996871861133482,
  "test_loss": 1.243160920162746,
  "train_row_metrics": {
    "accuracy": 0.5021297174636832,
    "balanced_accuracy": 0.6279811167542405,
    "f1_macro": 0.42264249784745356,
    "precision_macro": 0.40018664851707664,
    "recall_macro": 0.6279811167542405,
    "precision_per_class": [
      0.2375586854460094,
      0.14247840588386215,
      0.5916484203941195,
      0.6290610823443157
    ],
    "recall_per_class": [
      0.7931034482758621,
      0.7384751773049646,
      0.4409776188995959,
      0.5393682225365394
    ],
    "f1_per_class": [
      0.36560693641618497,
      0.23887016990465265,
      0.5053208068035087,
      0.5807720782654681
    ],
    "support_per_class": [
      319,
      2256,
      25736,
      25452
    ],