{
  "manifest": "/home/bear/engagement-cpu/data/processed/runs/openface709_pca_manifests/pca160/feature_manifest.csv",
  "checkpoint": "/home/bear/engagement-cpu/scripts/../checkpoints/runs/train_all_pca160_20260601_101009/rnn_tiny_transformer/engagement_tiny_transformer.pt",
  "split": "test",
  "rows": 7136,
  "videos": 1784,
  "batch_size": 128,
  "threshold": 0.4099999999999998,
  "aggregation": "video",
  "loss": 1.6669539213180542,
  "metrics": {
    "accuracy": 0.5672645739910314,
    "precision_pos": 0.6894308943089431,
    "recall_pos": 0.6849757673667205,
    "f1_pos": 0.6871961102106969,
    "precision_neg": 0.296028880866426,
    "recall_neg": 0.30036630036630035,
    "f1_neg": 0.29818181818181816,
    "balanced_accuracy": 0.49267103386651045,
    "f1_macro": 0.4926889641962575,
    "tp": 848.0,
    "tn": 164.0,
    "fp": 382.0,
    "fn": 390.0
  },
  "row_metrics": {
    "accuracy": 0.5563340807174888,
    "precision_pos": 0.693709327548807,
    "recall_pos": 0.6457996768982229,
    "f1_pos": 0.6688977201422297,
    "precision_neg": 0.3056215360253365,
    "recall_neg": 0.3534798534798535,
    "f1_neg": 0.3278131634819533,
    "balanced_accuracy": 0.4996397651890382,
    "f1_macro": 0.49835544181209146,
    "tp": 3198.0,
    "tn": 772.0,
    "fp": 1412.0,
    "fn": 1754.0
  },
  "video_metrics": {
    "accuracy": 0.5672645739910314,
    "precision_pos": 0.6894308943089431,
    "recall_pos": 0.6849757673667205,
    "f1_pos": 0.6871961102106969,
    "precision_neg": 0.296028880866426,
    "recall_neg": 0.30036630036630035,
    "f1_neg": 0.29818181818181816,
    "balanced_accuracy": 0.49267103386651045,
    "f1_macro": 0.4926889641962575,
    "tp": 848.0,
    "tn": 164.0,
    "fp": 382.0,
    "fn": 390.0
  },
  "model_kwargs": {
    "model_name": "tiny_transformer",
    "input_size": 160,
    "hidden_size": 192,
    "num_layers": 3,
    "dropout": 0.25,
    "num_heads": 4,
    "kernel_size": 5,
    "tcn_blocks": 4,
    "max_seq_len": 30
  }
}