{
  "run_id": "pca256_ml",
  "module": "ml",
  "train": {
    "model_type": "xgboost",
    "manifest": "/home/bear/engagement-cpu/data/processed/runs/openface709_pca_manifests/pca256/feature_manifest.csv",
    "rows_used": 34284,
    "sample": false,
    "sample_videos": 10,
    "selected_threshold": 0.45000000000000007,
    "checkpoint_metric": "validation_accuracy",
    "threshold_objective": "accuracy",
    "validation_metrics": {
      "accuracy": 0.6308607417774668,
      "precision_neg": 0.6222153465346535,
      "recall_neg": 0.6934482758620689,
      "f1_neg": 0.6559034572733203,
      "precision_pos": 0.6421095008051529,
      "recall_pos": 0.56640625,
      "f1_pos": 0.6018867924528302,
      "balanced_accuracy": 0.6299272629310344,
      "f2_pos": 0.5800843759092232,
      "tp": 1595.0,
      "tn": 2011.0,
      "fp": 889.0,
      "fn": 1221.0
    },
    "test_metrics": {
      "accuracy": 0.5760930493273543,
      "precision_neg": 0.3378326263015812,
      "recall_neg": 0.4010989010989011,
      "f1_neg": 0.3667573791082269,
      "precision_pos": 0.7120845256438477,
      "recall_pos": 0.6532714054927302,
      "f1_pos": 0.6814112690889942,
      "balanced_accuracy": 0.5271851532958156,
      "f2_pos": 0.664243768223071,
      "tp": 3235.0,
      "tn": 876.0,
      "fp": 1308.0,
      "fn": 1717.0
    },
    "best_iteration": 95,
    "feature_mode": "tsfresh",
    "cpu_workers": 2,
    "dim_reduction": "none",
    "dim_components": 128,
    "oversample": "none",
    "preprocessor_path": "/home/bear/engagement-cpu/checkpoints/runs/trainml_pca256_ml/engagement_xgb.preprocess.npz"
  },
  "eval": {
    "manifest": "/home/bear/engagement-cpu/data/processed/runs/openface709_pca_manifests/pca256/feature_manifest.csv",
    "model": "/home/bear/engagement-cpu/scripts/../checkpoints/runs/trainml_pca256_ml/engagement_xgb.json",
    "summary_json": "/home/bear/engagement-cpu/scripts/../checkpoints/runs/trainml_pca256_ml/engagement_xgb.summary.json",
    "backend": "xgboost",
    "split": "test",
    "rows": 7136,
    "videos": 1784,
    "feature_mode": "tsfresh",
    "threshold": 0.45000000000000007,
    "aggregation": "video",
    "metrics": {
      "accuracy": 0.5885650224215246,
      "precision_neg": 0.3498402555910543,
      "recall_neg": 0.4010989010989011,
      "f1_neg": 0.37372013651877134,
      "precision_pos": 0.7176165803108808,
      "recall_pos": 0.6712439418416801,
      "f1_pos": 0.6936560934891486,
      "balanced_accuracy": 0.5361714214702906,
      "f2_pos": 0.6800327332242225,
      "tp": 831.0,
      "tn": 219.0,
      "fp": 327.0,
      "fn": 407.0
    },
    "row_metrics": {
      "accuracy": 0.5760930493273543,
      "precision_neg": 0.3378326263015812,
      "recall_neg": 0.4010989010989011,
      "f1_neg": 0.3667573791082269,
      "precision_pos": 0.7120845256438477,
      "recall_pos": 0.6532714054927302,
      "f1_pos": 0.6814112690889942,
      "balanced_accuracy": 0.5271851532958156,
      "f2_pos": 0.664243768223071,
      "tp": 3235.0,
      "tn": 876.0,
      "fp": 1308.0,
      "fn": 1717.0
    },
    "video_metrics": {
      "accuracy": 0.5885650224215246,
      "precision_neg": 0.3498402555910543,
      "recall_neg": 0.4010989010989011,
      "f1_neg": 0.37372013651877134,
      "precision_pos": 0.7176165803108808,
      "recall_pos": 0.6712439418416801,
      "f1_pos": 0.6936560934891486,
      "balanced_accuracy": 0.5361714214702906,
      "f2_pos": 0.6800327332242225,
      "tp": 831.0,
      "tn": 219.0,
      "fp": 327.0,
      "fn": 407.0
    }
  }
}