{
  "manifest": "data/processed/runs/pipeline_2/feature_manifest.local.csv",
  "checkpoint": "/home/bear/engagement-cpu/scripts/../checkpoints/runs/train_all_phase12_20260523_011612/rnn_gru_basic/engagement_gru_basic.pt",
  "split": "test",
  "rows": 17986,
  "videos": 1784,
  "batch_size": 128,
  "threshold": 0.16999999999999998,
  "aggregation": "video",
  "loss": 1.12576844373296,
  "metrics": {
    "accuracy": 0.6378923766816144,
    "precision_pos": 0.7291021671826625,
    "recall_pos": 0.7609046849757674,
    "f1_pos": 0.7446640316205534,
    "precision_neg": 0.3983739837398374,
    "recall_neg": 0.358974358974359,
    "f1_neg": 0.37764932562620424,
    "balanced_accuracy": 0.5599395219750631,
    "f1_macro": 0.5611566786233788,
    "tp": 942.0,
    "tn": 196.0,
    "fp": 350.0,
    "fn": 296.0
  },
  "row_metrics": {
    "accuracy": 0.6116423885244079,
    "precision_pos": 0.7378917378917379,
    "recall_pos": 0.6839788732394366,
    "f1_pos": 0.7099132023755139,
    "precision_neg": 0.38325784788380446,
    "recall_neg": 0.44699453551912566,
    "f1_neg": 0.41267972757084,
    "balanced_accuracy": 0.5654867043792812,
    "f1_macro": 0.561296464973177,
    "tp": 8547.0,
    "tn": 2454.0,
    "fp": 3036.0,
    "fn": 3949.0
  },
  "video_metrics": {
    "accuracy": 0.6378923766816144,
    "precision_pos": 0.7291021671826625,
    "recall_pos": 0.7609046849757674,
    "f1_pos": 0.7446640316205534,
    "precision_neg": 0.3983739837398374,
    "recall_neg": 0.358974358974359,
    "f1_neg": 0.37764932562620424,
    "balanced_accuracy": 0.5599395219750631,
    "f1_macro": 0.5611566786233788,
    "tp": 942.0,
    "tn": 196.0,
    "fp": 350.0,
    "fn": 296.0
  },
  "model_kwargs": {
    "model_name": "gru_basic",
    "input_size": 90,
    "hidden_size": 192,
    "num_layers": 3,
    "dropout": 0.25,
    "num_heads": 4,
    "kernel_size": 5,
    "tcn_blocks": 4,
    "max_seq_len": 30
  }
}