{
  "manifest": "/home/bear/engagement-cpu/data/processed/runs/openface709_pca_manifests/pca300/feature_manifest.csv",
  "checkpoint": "/home/bear/engagement-cpu/scripts/../checkpoints/runs/train_all_pca300_20260601_112041/rnn_gru_basic/engagement_gru_basic.pt",
  "split": "test",
  "rows": 7136,
  "videos": 1784,
  "batch_size": 128,
  "threshold": 0.32999999999999985,
  "aggregation": "video",
  "loss": 1.3465640384520117,
  "metrics": {
    "accuracy": 0.577914798206278,
    "precision_pos": 0.68192048012003,
    "recall_pos": 0.7342487883683361,
    "f1_pos": 0.7071178529754959,
    "precision_neg": 0.270509977827051,
    "recall_neg": 0.22344322344322345,
    "f1_neg": 0.2447342026078235,
    "balanced_accuracy": 0.47884600590577975,
    "f1_macro": 0.4759260277916597,
    "tp": 909.0,
    "tn": 122.0,
    "fp": 424.0,
    "fn": 329.0
  },
  "row_metrics": {
    "accuracy": 0.5717488789237668,
    "precision_pos": 0.6832238113645149,
    "recall_pos": 0.7138529886914378,
    "f1_pos": 0.6982026466521825,
    "precision_neg": 0.2777777777777778,
    "recall_neg": 0.24954212454212454,
    "f1_neg": 0.26290400385914137,
    "balanced_accuracy": 0.48169755661678115,
    "f1_macro": 0.4805533252556619,
    "tp": 3535.0,
    "tn": 545.0,
    "fp": 1639.0,
    "fn": 1417.0
  },
  "video_metrics": {
    "accuracy": 0.577914798206278,
    "precision_pos": 0.68192048012003,
    "recall_pos": 0.7342487883683361,
    "f1_pos": 0.7071178529754959,
    "precision_neg": 0.270509977827051,
    "recall_neg": 0.22344322344322345,
    "f1_neg": 0.2447342026078235,
    "balanced_accuracy": 0.47884600590577975,
    "f1_macro": 0.4759260277916597,
    "tp": 909.0,
    "tn": 122.0,
    "fp": 424.0,
    "fn": 329.0
  },
  "model_kwargs": {
    "model_name": "gru_basic",
    "input_size": 300,
    "hidden_size": 192,
    "num_layers": 3,
    "dropout": 0.25,
    "num_heads": 4,
    "kernel_size": 5,
    "tcn_blocks": 4,
    "max_seq_len": 30
  }
}