{
  "manifest": "/home/bear/engagement-cpu/data/processed/runs/openface709_pca_manifests/pca224/feature_manifest.csv",
  "checkpoint": "/home/bear/engagement-cpu/scripts/../checkpoints/runs/train_all_pca224_20260601_104210/rnn_gru_basic/engagement_gru_basic.pt",
  "split": "test",
  "rows": 7136,
  "videos": 1784,
  "batch_size": 128,
  "threshold": 0.5099999999999998,
  "aggregation": "video",
  "loss": 1.0099492872242435,
  "metrics": {
    "accuracy": 0.5728699551569507,
    "precision_pos": 0.7030716723549488,
    "recall_pos": 0.6655896607431341,
    "f1_pos": 0.6838174273858922,
    "precision_neg": 0.3235294117647059,
    "recall_neg": 0.3626373626373626,
    "f1_neg": 0.34196891191709844,
    "balanced_accuracy": 0.5141135116902483,
    "f1_macro": 0.5128931696514953,
    "tp": 824.0,
    "tn": 198.0,
    "fp": 348.0,
    "fn": 414.0
  },
  "row_metrics": {
    "accuracy": 0.5601177130044843,
    "precision_pos": 0.6998016310337227,
    "recall_pos": 0.6411550888529887,
    "f1_pos": 0.6691959110549057,
    "precision_neg": 0.3162754905732974,
    "recall_neg": 0.37637362637362637,
    "f1_neg": 0.34371733221827305,
    "balanced_accuracy": 0.5087643576133075,
    "f1_macro": 0.5064566216365893,
    "tp": 3175.0,
    "tn": 822.0,
    "fp": 1362.0,
    "fn": 1777.0
  },
  "video_metrics": {
    "accuracy": 0.5728699551569507,
    "precision_pos": 0.7030716723549488,
    "recall_pos": 0.6655896607431341,
    "f1_pos": 0.6838174273858922,
    "precision_neg": 0.3235294117647059,
    "recall_neg": 0.3626373626373626,
    "f1_neg": 0.34196891191709844,
    "balanced_accuracy": 0.5141135116902483,
    "f1_macro": 0.5128931696514953,
    "tp": 824.0,
    "tn": 198.0,
    "fp": 348.0,
    "fn": 414.0
  },
  "model_kwargs": {
    "model_name": "gru_basic",
    "input_size": 224,
    "hidden_size": 192,
    "num_layers": 3,
    "dropout": 0.25,
    "num_heads": 4,
    "kernel_size": 5,
    "tcn_blocks": 4,
    "max_seq_len": 30
  }
}