{
  "manifest": "/home/bear/engagement-cpu/scripts/../checkpoints/runs/train_all_train_all_20260529_170448/rnn_manifest.local.csv",
  "checkpoint": "/home/bear/engagement-cpu/scripts/../checkpoints/runs/train_all_train_all_20260529_170448/rnn_gru_basic/engagement_gru_basic.pt",
  "split": "test",
  "rows": 17986,
  "videos": 1784,
  "batch_size": 128,
  "threshold": 0.6099999999999998,
  "aggregation": "video",
  "loss": 0.8245155083500847,
  "metrics": {
    "accuracy": 0.6418161434977578,
    "precision_pos": 0.9063772048846676,
    "recall_pos": 0.5395799676898223,
    "f1_pos": 0.6764556962025318,
    "precision_neg": 0.45558739255014324,
    "recall_neg": 0.8736263736263736,
    "f1_neg": 0.5988700564971751,
    "balanced_accuracy": 0.706603170658098,
    "f1_macro": 0.6376628763498534,
    "tp": 668.0,
    "tn": 477.0,
    "fp": 69.0,
    "fn": 570.0
  },
  "row_metrics": {
    "accuracy": 0.6278772378516624,
    "precision_pos": 0.8781441417959077,
    "recall_pos": 0.5392125480153649,
    "f1_pos": 0.6681540978729733,
    "precision_neg": 0.4416755551246,
    "recall_neg": 0.8296903460837887,
    "f1_neg": 0.5764728216161489,
    "balanced_accuracy": 0.6844514470495768,
    "f1_macro": 0.6223134597445611,
    "tp": 6738.0,
    "tn": 4555.0,
    "fp": 935.0,
    "fn": 5758.0
  },
  "video_metrics": {
    "accuracy": 0.6418161434977578,
    "precision_pos": 0.9063772048846676,
    "recall_pos": 0.5395799676898223,
    "f1_pos": 0.6764556962025318,
    "precision_neg": 0.45558739255014324,
    "recall_neg": 0.8736263736263736,
    "f1_neg": 0.5988700564971751,
    "balanced_accuracy": 0.706603170658098,
    "f1_macro": 0.6376628763498534,
    "tp": 668.0,
    "tn": 477.0,
    "fp": 69.0,
    "fn": 570.0
  },
  "model_kwargs": {
    "model_name": "gru_basic",
    "input_size": 90,
    "hidden_size": 192,
    "num_layers": 3,
    "dropout": 0.25,
    "num_heads": 4,
    "kernel_size": 5,
    "tcn_blocks": 4,
    "max_seq_len": 30
  }
}