{
  "model_name": "gru",
  "model_family": "neural",
  "status": "success",
  "run_dir": "checkpoints/runs/train_all_4class_gpu_final/gru",
  "checkpoint_path": "checkpoints/runs/train_all_4class_gpu_final/gru/gru.pt",
  "model_kwargs": {
    "hidden_size": 128,
    "num_layers": 2,
    "dropout": 0.25,
    "input_size": 90,
    "num_heads": 4,
    "kernel_size": 5,
    "tcn_blocks": 4,
    "max_seq_len": 30,
    "num_classes": 4
  },
  "objective": "balanced_accuracy",
  "best_epoch": 1,
  "best_score": 0.3477728923838342,
  "best_val_row_metrics": {
    "accuracy": 0.2784464660601819,
    "balanced_accuracy": 0.33810839135907317,
    "f1_macro": 0.24238047854942846,
    "precision_macro": 0.2897604114182302,
    "recall_macro": 0.33810839135907317,
    "precision_per_class": [
      0.09046052631578948,
      0.12341478502938447,
      0.5888516345347863,
      0.35631469979296065
    ],
    "recall_per_class": [
      0.2391304347826087,
      0.558041958041958,
      0.17281672816728166,
      0.3824444444444444
    ],
    "f1_per_class": [
      0.13126491646778043,
      0.20212765957446807,
      0.26721186763027766,
      0.3689174705251876
    ],
    "support_per_class": [
      230,
      1430,
      8130,
      4500
    ],
    "confusion_matrix": [
      [
        55,
        98,
        45,
        32
      ],
      [
        134,
        798,
        211,
        287
      ],
      [
        286,
        3649,
        1405,
        2790
      ],
      [
        133,
        1921,
        725,
        1721
      ]
    ],
    "cross_entropy": 1.2572577425821967
  },
  "best_val_video_metrics": {
    "accuracy": 0.2834149755073478,
    "balanced_accuracy": 0.3477728923838342,
    "f1_macro": 0.2527203921107515,
    "precision_macro": 0.3044386824041115,
    "recall_macro": 0.3477728923838342,
    "precision_per_class": [
      0.11538461538461539,
      0.12143928035982009,
      0.6153846153846154,
      0.36554621848739494
    ],
    "recall_per_class": [
      0.2608695652173913,
      0.5664335664335665,
      0.17712177121771217,
      0.38666666666666666
    ],
    "f1_per_class": [
      0.16,
      0.2,
      0.27507163323782235,
      0.3758099352051836
    ],
    "support_per_class": [
      23,
      143,
      813,
      450
    ],
    "confusion_matrix": [
      [
        6,
        10,
        5,
        2
      ],
      [
        13,
        81,
        18,
        31
      ],
      [
        25,
        375,
        144,
        269
      ],
      [
        8,
        201,
        67,
        174
      ]
    ],
    "cross_entropy": 1.2393078402200743
  },
  "train_history": [
    {
      "epoch": 1,
      "train_loss": 1.2450106591316077,
      "train_accuracy": 0.43329055298253444,
      "train_balanced_accuracy": 0.4213177291475818,
      "train_f1_macro": 0.3124530348830765,
      "val_loss": 1.3236904847696997,
      "val_accuracy": 0.2834149755073478,
      "val_balanced_accuracy": 0.3477728923838342,
      "val_f1_macro": 0.2527203921107515,
      "val_row_loss": 1.3236904847696997,
      "val_row_accuracy": 0.2784464660601819,
      "val_row_balanced_accuracy": 0.33810839135907317,
      "val_row_f1_macro": 0.24238047854942846,
      "lr": 0.0003
    },
    {
      "epoch": 2,
      "train_loss": 1.1529878346916422,
      "train_accuracy": 0.4507002957424251,
      "train_balanced_accuracy": 0.464910092810794,
      "train_f1_macro": 0.3370435731357386,
      "val_loss": 1.4033668321191721,
      "val_accuracy": 0.3296011196641008,
      "val_balanced_accuracy": 0.3168604525054068,
      "val_f1_macro": 0.2662841422182388,
      "val_row_loss": 1.4033668321191721,
      "val_row_accuracy": 0.3071378586424073,
      "val_row_balanced_accuracy": 0.29976208362114026,
      "val_row_f1_macro": 0.2464656007412698,
      "lr": 0.0003
    },
    {
      "epoch": 3,
      "train_loss": 1.0978567276411977,
      "train_accuracy": 0.4660826218774994,
      "train_balanced_accuracy": 0.5079723153149852,
      "train_f1_macro": 0.3589771949317767,
      "val_loss": 1.4280367432648355,
      "val_accuracy": 0.27781665500349895,
      "val_balanced_accuracy": 0.3125393390145516,
      "val_f1_macro": 0.23463517395104383,
      "val_row_loss": 1.4280367432648355,
      "val_row_accuracy": 0.2823652904128761,
      "val_row_balanced_accuracy": 0.30588115322472775,
      "val_row_f1_macro": 0.23452974826819134,
      "lr": 0.0003
    },
    {
      "epoch": 4,
      "train_loss": 1.0613579964164581,
      "train_accuracy": 0.4671056302661682,
      "train_balanced_accuracy": 0.5324722422601331,
      "train_f1_macro": 0.36809977693298035,
      "val_loss": 1.502515896506206,
      "val_accuracy": 0.4002799160251924,
      "val_balanced_accuracy": 0.3132349410754673,
      "val_f1_macro": 0.29030464579948995,
      "val_row_loss": 1.502515896506206,
      "val_row_accuracy": 0.3834149755073478,
      "val_row_balanced_accuracy": 0.2982341598362776,
      "val_row_f1_macro": 0.27440516348021005,
      "lr": 0.0003
    },
    {
      "epoch": 5,
      "train_loss": 1.019918625008822,
      "train_accuracy": 0.482822759146625,
      "train_balanced_accuracy": 0.540725692206632,
      "train_f1_macro": 0.38122007354868304,
      "val_loss": 1.4737488936009817,
      "val_accuracy": 0.29531140657802657,
      "val_balanced_accuracy": 0.3241879157617967,
      "val_f1_macro": 0.24111117241152158,
      "val_row_loss": 1.4737488936009817,
      "val_row_accuracy": 0.29818054583624914,
      "val_row_balanced_accuracy": 0.3135810720466584,
      "val_row_f1_macro": 0.24087706876608858,
      "lr": 0.00015
    },
    {
      "epoch": 6,
      "train_loss": 0.9544791570998125,
      "train_accuracy": 0.49201123449212286,
      "train_balanced_accuracy": 0.5786580363782426,
      "train_f1_macro": 0.40831138103271386,
      "val_loss": 1.4713185741152273,
      "val_accuracy": 0.3365990202939118,
      "val_balanced_accuracy": 0.3425015784970863,
      "val_f1_macro": 0.2679669011331448,
      "val_row_loss": 1.4713185741152273,
      "val_row_accuracy": 0.3332400279916025,
      "val_row_balanced_accuracy": 0.3324228528481697,
      "val_row_f1_macro": 0.2633141089844032,
      "lr": 0.00015
    },
    {
      "epoch": 7,
      "train_loss": 0.9288252220554166,
      "train_accuracy": 0.5002511020590369,
      "train_balanced_accuracy": 0.5815669738682265,
      "train_f1_macro": 0.41152863572746967,
      "val_loss": 1.5417782597812095,
      "val_accuracy": 0.34079776067179846,
      "val_balanced_accuracy": 0.323613223772858,
      "val_f1_macro": 0.2607246343613986,
      "val_row_loss": 1.5417782597812095,
      "val_row_accuracy": 0.3357592722183345,
      "val_row_balanced_accuracy": 0.32274317830590893,
      "val_row_f1_macro": 0.26572534381138546,
      "lr": 0.00015
    }
  ],
  "train_counts": [
    319,
    2256,
    25736,
    25452
  ],
  "val_counts": [
    230,
    1430,
    8130,
    4500
  ],
  "test_counts": [
    40,
    843,
    8853,
    8250
  ],
  "train_loss": 0.9288252220554166,
  "val_loss": 1.5417782597812095,
  "test_loss": 1.155650730871669,
  "train_row_metrics": {
    "accuracy": 0.5002511020590369,
    "balanced_accuracy": 0.5815669738682265,
    "f1_macro": 0.41152863572746967,
    "precision_macro": 0.3950986070918257,
    "recall_macro": 0.5815669738682265,
    "precision_per_class": [
      0.2358490566037736,
      0.12385241642127144,
      0.6011111741028403,
      0.6195817812394175
    ],
    "recall_per_class": [
      0.7053291536050157,
      0.6338652482269503,
      0.411990985390115,
      0.5750825082508251
    ],
    "f1_per_class": [
      0.3534956794972506,
      0.20721634545718012,
      0.4888991354466859,
      0.5965033825087619
    ],
    "support_per_class": [
      319,
      2256,
      25736,
      25452
    ],