{
  "manifest": "/home/bear/engagement-cpu/data/processed/runs/openface709_pca_manifests/pca384/feature_manifest.csv",
  "checkpoint": "/home/bear/engagement-cpu/scripts/../checkpoints/runs/train_all_pca384_20260601_114342/rnn_tcn/engagement_tcn.pt",
  "split": "test",
  "rows": 7136,
  "videos": 1784,
  "batch_size": 128,
  "threshold": 0.6299999999999997,
  "aggregation": "video",
  "loss": 0.9444071364509685,
  "metrics": {
    "accuracy": 0.5633408071748879,
    "precision_pos": 0.7217391304347827,
    "recall_pos": 0.6033925686591276,
    "f1_pos": 0.6572811262648482,
    "precision_neg": 0.3444592790387183,
    "recall_neg": 0.4725274725274725,
    "f1_neg": 0.39845559845559847,
    "balanced_accuracy": 0.5379600205933001,
    "f1_macro": 0.5278683623602234,
    "tp": 747.0,
    "tn": 258.0,
    "fp": 288.0,
    "fn": 491.0
  },
  "row_metrics": {
    "accuracy": 0.5483464125560538,
    "precision_pos": 0.7137206427688504,
    "recall_pos": 0.5829967689822294,
    "f1_pos": 0.6417694787151272,
    "precision_neg": 0.33193141378194757,
    "recall_neg": 0.4697802197802198,
    "f1_neg": 0.3890047393364929,
    "balanced_accuracy": 0.5263884943812246,
    "f1_macro": 0.5153871090258101,
    "tp": 2887.0,
    "tn": 1026.0,
    "fp": 1158.0,
    "fn": 2065.0
  },
  "video_metrics": {
    "accuracy": 0.5633408071748879,
    "precision_pos": 0.7217391304347827,
    "recall_pos": 0.6033925686591276,
    "f1_pos": 0.6572811262648482,
    "precision_neg": 0.3444592790387183,
    "recall_neg": 0.4725274725274725,
    "f1_neg": 0.39845559845559847,
    "balanced_accuracy": 0.5379600205933001,
    "f1_macro": 0.5278683623602234,
    "tp": 747.0,
    "tn": 258.0,
    "fp": 288.0,
    "fn": 491.0
  },
  "model_kwargs": {
    "model_name": "tcn",
    "input_size": 384,
    "hidden_size": 192,
    "num_layers": 3,
    "dropout": 0.25,
    "num_heads": 4,
    "kernel_size": 5,
    "tcn_blocks": 4,
    "max_seq_len": 30
  }
}