{
  "threads": 2,
  "warmup": 1,
  "iters": 3,
  "video": "/home/bear/engagement-cpu/data/raw/daisee/DAiSEE/DataSet/Test/500044/5000441001/5000441001.avi",
  "note": "End-to-end latency from raw video to feature extraction/windowing to prediction. MediaPipe rows use final binary models. OpenFace row uses measured FeatureExtraction plus untrained Santoni PaperCNN architecture forward.",
  "rows": [
    {
      "pipeline": "rnn_gru_final_int8",
      "feature_backend": "MediaPipe FaceMesh",
      "video": "/home/bear/engagement-cpu/data/raw/daisee/DAiSEE/DataSet/Test/500044/5000441001/5000441001.avi",
      "frames_processed": 300,
      "windows": 10,
      "feature_extract_mean_ms": 8512.277583000165,
      "feature_extract_median_ms": 7006.364940000367,
      "feature_extract_p95_ms": 12142.57746400017,
      "model_infer_mean_ms": 20.137138866630266,
      "model_infer_median_ms": 19.917058499913765,
      "model_infer_p95_ms": 20.571561999986443,
      "end_to_end_mean_ms": 8532.414721866795,
      "end_to_end_median_ms": 7026.281998500281,
      "end_to_end_p95_ms": 12163.149026000156
    },
    {
      "pipeline": "rnn_tcn_final_torchscript",
      "feature_backend": "MediaPipe FaceMesh",
      "video": "/home/bear/engagement-cpu/data/raw/daisee/DAiSEE/DataSet/Test/500044/5000441001/5000441001.avi",
      "frames_processed": 300,
      "windows": 10,
      "feature_extract_mean_ms": 8512.277583000165,
      "feature_extract_median_ms": 7006.364940000367,
      "feature_extract_p95_ms": 12142.57746400017,
      "model_infer_mean_ms": 18.32739123334856,
      "model_infer_median_ms": 16.694534499947622,
      "model_infer_p95_ms": 30.891829999745823,
      "end_to_end_mean_ms": 8530.604974233513,
      "end_to_end_median_ms": 7023.0594745003145,
      "end_to_end_p95_ms": 12173.469293999915
    },
    {
      "pipeline": "xgboost_final",
      "feature_backend": "MediaPipe FaceMesh",
      "video": "/home/bear/engagement-cpu/data/raw/daisee/DAiSEE/DataSet/Test/500044/5000441001/5000441001.avi",
      "frames_processed": 300,
      "windows": 10,
      "feature_extract_mean_ms": 8512.277583000165,
      "feature_extract_median_ms": 7006.364940000367,
      "feature_extract_p95_ms": 12142.57746400017,
      "model_infer_mean_ms": 15.25781586674384,
      "model_infer_median_ms": 14.919629000132772,
      "model_infer_p95_ms": 20.320039999660366,
      "end_to_end_mean_ms": 8527.535398866909,
      "end_to_end_median_ms": 7021.2845690005,
      "end_to_end_p95_ms": 12162.89750399983
    }
  ]
}