{
  "threads": 2,
  "warmup": 1,
  "iters": 3,
  "video": "/home/bear/engagement-cpu/data/raw/daisee/DAiSEE/DataSet/Test/500044/5000441001/5000441001.avi",
  "note": "End-to-end latency from raw video to feature extraction/windowing to prediction. MediaPipe rows use final binary models. OpenFace row uses measured FeatureExtraction plus untrained Santoni PaperCNN architecture forward.",
  "rows": [
    {
      "pipeline": "rnn_gru_final_int8",
      "feature_backend": "MediaPipe FaceMesh",
      "video": "/home/bear/engagement-cpu/data/raw/daisee/DAiSEE/DataSet/Test/500044/5000441001/5000441001.avi",
      "frames_processed": 300,
      "windows": 10,
      "feature_extract_mean_ms": 9505.743253333398,
      "feature_extract_median_ms": 9540.160132000892,
      "feature_extract_p95_ms": 10277.59922399855,
      "model_infer_mean_ms": 46.518485600245185,
      "model_infer_median_ms": 43.370633999074926,
      "model_infer_p95_ms": 67.18990100125666,
      "end_to_end_mean_ms": 9552.261738933643,
      "end_to_end_median_ms": 9583.530765999967,
      "end_to_end_p95_ms": 10344.789124999807
    },
    {
      "pipeline": "rnn_tcn_final_torchscript",
      "feature_backend": "MediaPipe FaceMesh",
      "video": "/home/bear/engagement-cpu/data/raw/daisee/DAiSEE/DataSet/Test/500044/5000441001/5000441001.avi",
      "frames_processed": 300,
      "windows": 10,
      "feature_extract_mean_ms": 9505.743253333398,
      "feature_extract_median_ms": 9540.160132000892,
      "feature_extract_p95_ms": 10277.59922399855,
      "model_infer_mean_ms": 32.51023836661867,
      "model_infer_median_ms": 31.670125497839763,
      "model_infer_p95_ms": 40.708676999202,
      "end_to_end_mean_ms": 9538.253491700016,
      "end_to_end_median_ms": 9571.830257498732,
      "end_to_end_p95_ms": 10318.307900997752
    },
    {
      "pipeline": "xgboost_final",
      "feature_backend": "MediaPipe FaceMesh",
      "video": "/home/bear/engagement-cpu/data/raw/daisee/DAiSEE/DataSet/Test/500044/5000441001/5000441001.avi",
      "frames_processed": 300,
      "windows": 10,
      "feature_extract_mean_ms": 9505.743253333398,
      "feature_extract_median_ms": 9540.160132000892,
      "feature_extract_p95_ms": 10277.59922399855,
      "model_infer_mean_ms": 25.410838866688817,
      "model_infer_median_ms": 27.276482000161195,
      "model_infer_p95_ms": 34.26051600035862,
      "end_to_end_mean_ms": 9531.154092200086,
      "end_to_end_median_ms": 9567.436614001053,
      "end_to_end_p95_ms": 10311.859739998908
    },
    {
      "pipeline": "rnn_residual_bigru_attn_torchscript",
      "feature_backend": "MediaPipe FaceMesh",
      "video": "/home/bear/engagement-cpu/data/raw/daisee/DAiSEE/DataSet/Test/500044/5000441001/5000441001.avi",
      "frames_processed": 300,
      "windows": 10,
      "feature_extract_mean_ms": 9505.743253333398,
      "feature_extract_median_ms": 9540.160132000892,
      "feature_extract_p95_ms": 10277.59922399855,
      "model_infer_mean_ms": 72.8246680668235,
      "model_infer_median_ms": 70.82734950017766,
      "model_infer_p95_ms": 81.73285800148733,
      "end_to_end_mean_ms": 9578.567921400221,
      "end_to_end_median_ms": 9610.98748150107,
      "end_to_end_p95_ms": 10359.332082000037
    },
    {
      "pipeline": "rnn_cnn_gru_fusion_torchscript",
      "feature_backend": "MediaPipe FaceMesh",
      "video": "/home/bear/engagement-cpu/data/raw/daisee/DAiSEE/DataSet/Test/500044/5000441001/5000441001.avi",
      "frames_processed": 300,
      "windows": 10,
      "feature_extract_mean_ms": 9505.743253333398,
      "feature_extract_median_ms": 9540.160132000892,
      "feature_extract_p95_ms": 10277.59922399855,
      "model_infer_mean_ms": 66.54972873341951,
      "model_infer_median_ms": 64.24123200122267,
      "model_infer_p95_ms": 91.89570500166155,
      "end_to_end_mean_ms": 9572.292982066818,
      "end_to_end_median_ms": 9604.401364002115,
      "end_to_end_p95_ms": 10369.494929000211
    },
    {
      "pipeline": "late_fusion_gru_tcn_xgb",
      "feature_backend": "MediaPipe FaceMesh",
      "video": "/home/bear/engagement-cpu/data/raw/daisee/DAiSEE/DataSet/Test/500044/5000441001/5000441001.avi",
      "frames_processed": 300,
      "windows": 10,
      "feature_extract_mean_ms": 9505.743253333398,
      "feature_extract_median_ms": 9540.160132000892,
      "feature_extract_p95_ms": 10277.59922399855,
      "model_infer_mean_ms": 274.51603960034845,
      "model_infer_median_ms": 154.36010000121314,
      "model_infer_p95_ms": 889.3897130001278,
      "end_to_end_mean_ms": 9780.259292933746,
      "end_to_end_median_ms": 9694.520232002105,
      "end_to_end_p95_ms": 11166.988936998678
    }
  ]
}