pipeline,feature_backend,frames_processed,windows,end_to_end_mean_ms,feature_extract_mean_ms,feature_extract_median_ms,feature_extract_p95_ms,model_infer_mean_ms,model_infer_median_ms,model_infer_p95_ms,end_to_end_median_ms,end_to_end_p95_ms,video
rnn_gru_final_int8,MediaPipe FaceMesh,300,10,9552.261738933643,9505.743253333398,9540.160132000892,10277.59922399855,46.518485600245185,43.370633999074926,67.18990100125666,9583.530765999967,10344.789124999807,/home/bear/engagement-cpu/data/raw/daisee/DAiSEE/DataSet/Test/500044/5000441001/5000441001.avi
rnn_tcn_final_torchscript,MediaPipe FaceMesh,300,10,9538.253491700016,9505.743253333398,9540.160132000892,10277.59922399855,32.51023836661867,31.670125497839763,40.708676999202,9571.830257498732,10318.307900997752,/home/bear/engagement-cpu/data/raw/daisee/DAiSEE/DataSet/Test/500044/5000441001/5000441001.avi
xgboost_final,MediaPipe FaceMesh,300,10,9531.154092200086,9505.743253333398,9540.160132000892,10277.59922399855,25.410838866688817,27.276482000161195,34.26051600035862,9567.436614001053,10311.859739998908,/home/bear/engagement-cpu/data/raw/daisee/DAiSEE/DataSet/Test/500044/5000441001/5000441001.avi
rnn_residual_bigru_attn_torchscript,MediaPipe FaceMesh,300,10,9578.567921400221,9505.743253333398,9540.160132000892,10277.59922399855,72.8246680668235,70.82734950017766,81.73285800148733,9610.98748150107,10359.332082000037,/home/bear/engagement-cpu/data/raw/daisee/DAiSEE/DataSet/Test/500044/5000441001/5000441001.avi
rnn_cnn_gru_fusion_torchscript,MediaPipe FaceMesh,300,10,9572.292982066818,9505.743253333398,9540.160132000892,10277.59922399855,66.54972873341951,64.24123200122267,91.89570500166155,9604.401364002115,10369.494929000211,/home/bear/engagement-cpu/data/raw/daisee/DAiSEE/DataSet/Test/500044/5000441001/5000441001.avi
late_fusion_gru_tcn_xgb,MediaPipe FaceMesh,300,10,9780.259292933746,9505.743253333398,9540.160132000892,10277.59922399855,274.51603960034845,154.36010000121314,889.3897130001278,9694.520232002105,11166.988936998678,/home/bear/engagement-cpu/data/raw/daisee/DAiSEE/DataSet/Test/500044/5000441001/5000441001.avi
