{
  "manifest": "/home/bear/engagement-cpu/scripts/../checkpoints/runs/train_all_pca128_20260608_032211/rnn_manifest.local.csv",
  "checkpoint": "/home/bear/engagement-cpu/scripts/../checkpoints/runs/train_all_pca128_20260608_032211/rnn_gru_basic/engagement_gru_basic.pt",
  "split": "test",
  "rows": 3568,
  "videos": 892,
  "batch_size": 128,
  "threshold": 0.5099999999999998,
  "aggregation": "video",
  "loss": 0.9374259496483568,
  "metrics": {
    "accuracy": 0.6322869955156951,
    "precision_pos": 0.7420965058236273,
    "recall_pos": 0.7205169628432956,
    "f1_pos": 0.7311475409836066,
    "precision_neg": 0.4054982817869416,
    "recall_neg": 0.43223443223443225,
    "f1_neg": 0.4184397163120568,
    "balanced_accuracy": 0.5763756975388639,
    "f1_macro": 0.5747936286478317,
    "tp": 446.0,
    "tn": 118.0,
    "fp": 155.0,
    "fn": 173.0
  },
  "row_metrics": {
    "accuracy": 0.6065022421524664,
    "precision_pos": 0.72692633361558,
    "recall_pos": 0.6934571890145396,
    "f1_pos": 0.7097974369574204,
    "precision_neg": 0.3706467661691542,
    "recall_neg": 0.40934065934065933,
    "f1_neg": 0.3890339425587467,
    "balanced_accuracy": 0.5513989241775994,
    "f1_macro": 0.5494156897580835,
    "tp": 1717.0,
    "tn": 447.0,
    "fp": 645.0,
    "fn": 759.0
  },
  "video_metrics": {
    "accuracy": 0.6322869955156951,
    "precision_pos": 0.7420965058236273,
    "recall_pos": 0.7205169628432956,
    "f1_pos": 0.7311475409836066,
    "precision_neg": 0.4054982817869416,
    "recall_neg": 0.43223443223443225,
    "f1_neg": 0.4184397163120568,
    "balanced_accuracy": 0.5763756975388639,
    "f1_macro": 0.5747936286478317,
    "tp": 446.0,
    "tn": 118.0,
    "fp": 155.0,
    "fn": 173.0
  },
  "model_kwargs": {
    "model_name": "gru_basic",
    "input_size": 90,
    "hidden_size": 192,
    "num_layers": 3,
    "dropout": 0.25,
    "num_heads": 4,
    "kernel_size": 5,
    "tcn_blocks": 4,
    "max_seq_len": 30
  }
}