{
  "model_name": "tiny_transformer",
  "model_family": "neural",
  "status": "success",
  "run_dir": "checkpoints/runs/train_all_4class_gpu_final/tiny_transformer",
  "checkpoint_path": "checkpoints/runs/train_all_4class_gpu_final/tiny_transformer/tiny_transformer.pt",
  "model_kwargs": {
    "hidden_size": 128,
    "num_layers": 2,
    "dropout": 0.25,
    "num_heads": 4,
    "max_seq_len": 30,
    "input_size": 90,
    "kernel_size": 5,
    "tcn_blocks": 4,
    "num_classes": 4
  },
  "objective": "balanced_accuracy",
  "best_epoch": 2,
  "best_score": 0.3814103436716946,
  "best_val_row_metrics": {
    "accuracy": 0.3033589923023093,
    "balanced_accuracy": 0.35712242050514154,
    "f1_macro": 0.2673051788723126,
    "precision_macro": 0.30605364537334734,
    "recall_macro": 0.35712242050514154,
    "precision_per_class": [
      0.11877394636015326,
      0.12678085481030896,
      0.5976768743400211,
      0.38098290598290596
    ],
    "recall_per_class": [
      0.26956521739130435,
      0.5538461538461539,
      0.2088560885608856,
      0.3962222222222222
    ],
    "f1_per_class": [
      0.16489361702127658,
      0.2063305978898007,
      0.30954334153677876,
      0.3884531590413943
    ],
    "support_per_class": [
      230,
      1430,
      8130,
      4500
    ],
    "confusion_matrix": [
      [
        62,
        88,
        38,
        42
      ],
      [
        119,
        792,
        291,
        228
      ],
      [
        247,
        3558,
        1698,
        2627
      ],
      [
        94,
        1809,
        814,
        1783
      ]
    ],
    "cross_entropy": 1.2506620668118564
  },
  "best_val_video_metrics": {
    "accuracy": 0.3002099370188943,
    "balanced_accuracy": 0.3814103436716946,
    "f1_macro": 0.2734763748688036,
    "precision_macro": 0.31070469059678485,
    "recall_macro": 0.3814103436716946,
    "precision_per_class": [
      0.14,
      0.1393188854489164,
      0.5764705882352941,
      0.38702928870292885
    ],
    "recall_per_class": [
      0.30434782608695654,
      0.6293706293706294,
      0.18081180811808117,
      0.4111111111111111
    ],
    "f1_per_class": [
      0.1917808219178082,
      0.22813688212927757,
      0.2752808988764045,
      0.39870689655172414
    ],
    "support_per_class": [
      23,
      143,
      813,
      450
    ],
    "confusion_matrix": [
      [
        7,
        10,
        3,
        3
      ],
      [
        13,
        90,
        21,
        19
      ],
      [
        24,
        371,
        147,
        271
      ],
      [
        6,
        175,
        84,
        185
      ]
    ],
    "cross_entropy": 1.2287008311914462
  },
  "train_history": [
    {
      "epoch": 1,
      "train_loss": 1.2897811593074227,
      "train_accuracy": 0.41418819634321,
      "train_balanced_accuracy": 0.40459194512541774,
      "train_f1_macro": 0.2899022369730875,
      "val_loss": 1.4343946530653764,
      "val_accuracy": 0.3925822253324003,
      "val_balanced_accuracy": 0.29847940087792485,
      "val_f1_macro": 0.26995960131255653,
      "val_row_loss": 1.4343946530653764,
      "val_row_accuracy": 0.3780965710286914,
      "val_row_balanced_accuracy": 0.28828047721036654,
      "val_row_f1_macro": 0.2603359817397546,
      "lr": 0.0003
    },
    {
      "epoch": 2,
      "train_loss": 1.1950434521002786,
      "train_accuracy": 0.4428696315309786,
      "train_balanced_accuracy": 0.4469497187565923,
      "train_f1_macro": 0.3308818103400089,
      "val_loss": 1.3912504730898654,
      "val_accuracy": 0.3002099370188943,
      "val_balanced_accuracy": 0.3814103436716946,
      "val_f1_macro": 0.2734763748688036,
      "val_row_loss": 1.3912504730898654,
      "val_row_accuracy": 0.3033589923023093,
      "val_row_balanced_accuracy": 0.35712242050514154,
      "val_row_f1_macro": 0.2673051788723126,
      "lr": 0.0003
    },
    {
      "epoch": 3,
      "train_loss": 1.1322815393986025,
      "train_accuracy": 0.4525417108420289,
      "train_balanced_accuracy": 0.48053612485994357,
      "train_f1_macro": 0.3492203749493517,
      "val_loss": 1.4317625210617204,
      "val_accuracy": 0.40237928621413577,
      "val_balanced_accuracy": 0.3767483209341063,
      "val_f1_macro": 0.306465860756762,
      "val_row_loss": 1.4317625210617204,
      "val_row_accuracy": 0.39097270818754376,
      "val_row_balanced_accuracy": 0.3736901010998557,
      "val_row_f1_macro": 0.3016154835689624,
      "lr": 0.0003
    },
    {
      "epoch": 4,
      "train_loss": 1.0878878868925757,
      "train_accuracy": 0.46342280006696057,
      "train_balanced_accuracy": 0.4974728183044942,
      "train_f1_macro": 0.3619124874770621,
      "val_loss": 1.5088316786280873,
      "val_accuracy": 0.2974107767669699,
      "val_balanced_accuracy": 0.3654682268014532,
      "val_f1_macro": 0.2597111884601178,
      "val_row_loss": 1.5088316786280873,
      "val_row_accuracy": 0.2954513645906228,
      "val_row_balanced_accuracy": 0.3431020162877214,
      "val_row_f1_macro": 0.25112823849757004,
      "lr": 0.0003
    },
    {
      "epoch": 5,
      "train_loss": 1.0663232115468344,
      "train_accuracy": 0.4625485928984618,
      "train_balanced_accuracy": 0.5237426029131858,
      "train_f1_macro": 0.3673716268072492,
      "val_loss": 1.4589703057177672,
      "val_accuracy": 0.4562631210636809,
      "val_balanced_accuracy": 0.3517091611171508,
      "val_f1_macro": 0.32138185362016614,
      "val_row_loss": 1.4589703057177672,
      "val_row_accuracy": 0.42610216934919526,
      "val_row_balanced_accuracy": 0.34585489750458465,
      "val_row_f1_macro": 0.3065881876660205,
      "lr": 0.0003
    },
    {
      "epoch": 6,
      "train_loss": 1.0344238624750273,
      "train_accuracy": 0.4706768595502483,
      "train_balanced_accuracy": 0.5348624074627725,
      "train_f1_macro": 0.3749337943620288,
      "val_loss": 1.6229431949352533,
      "val_accuracy": 0.4366689993002099,
      "val_balanced_accuracy": 0.35914663736178254,
      "val_f1_macro": 0.31844923730882446,
      "val_row_loss": 1.6229431949352533,
      "val_row_accuracy": 0.4065780265920224,
      "val_row_balanced_accuracy": 0.34239179257557245,
      "val_row_f1_macro": 0.2992623113633902,
      "lr": 0.00015
    },
    {
      "epoch": 7,
      "train_loss": 0.9616718073542947,
      "train_accuracy": 0.48646838904079015,
      "train_balanced_accuracy": 0.5710894432857546,
      "train_f1_macro": 0.3997732183619823,
      "val_loss": 1.6190565276429567,
      "val_accuracy": 0.3813855843247026,
      "val_balanced_accuracy": 0.3394717591444689,
      "val_f1_macro": 0.29819510726578546,
      "val_row_loss": 1.6190565276429567,
      "val_row_accuracy": 0.37053883834849544,
      "val_row_balanced_accuracy": 0.32778319546649404,
      "val_row_f1_macro": 0.2850082655769582,
      "lr": 0.00015
    },
    {
      "epoch": 8,
      "train_loss": 0.9351062709203183,
      "train_accuracy": 0.4915462306790916,
      "train_balanced_accuracy": 0.5824634130189263,
      "train_f1_macro": 0.4100319321366095,
      "val_loss": 1.6366857975158264,
      "val_accuracy": 0.3813855843247026,
      "val_balanced_accuracy": 0.32465423777071456,
      "val_f1_macro": 0.2794636449216602,
      "val_row_loss": 1.6366857975158264,
      "val_row_accuracy": 0.3622113365990203,
      "val_row_balanced_accuracy": 0.32243814267270066,
      "val_row_f1_macro": 0.27219531971393907,
      "lr": 0.00015
    }
  ],
  "train_counts": [
    319,
    2256,
    25736,
    25452
  ],
  "val_counts": [
    230,
    1430,
    8130,
    4500
  ],
  "test_counts": [
    40,
    843,
    8853,
    8250
  ],
  "train_loss": 0.9351062709203183,
  "val_loss": 1.6366857975158264,
  "test_loss": 1.1305264637916435,
  "train_row_metrics": {
    "accuracy": 0.4915462306790916,
    "balanced_accuracy": 0.5824634130189263,
    "f1_macro": 0.4100319321366095,
    "precision_macro": 0.39303092892059666,