{
  "manifest": "/home/bear/engagement-cpu/data/processed/runs/openface709_pca_manifests/pca300/feature_manifest.csv",
  "checkpoint": "/home/bear/engagement-cpu/scripts/../checkpoints/runs/train_all_pca300_20260601_112041/rnn_tcn/engagement_tcn.pt",
  "split": "test",
  "rows": 7136,
  "videos": 1784,
  "batch_size": 128,
  "threshold": 0.6699999999999997,
  "aggregation": "video",
  "loss": 1.1190046491644308,
  "metrics": {
    "accuracy": 0.48038116591928254,
    "precision_pos": 0.7243867243867244,
    "recall_pos": 0.40549273021001614,
    "f1_pos": 0.5199378560331434,
    "precision_neg": 0.32538955087076077,
    "recall_neg": 0.6501831501831502,
    "f1_neg": 0.4337202199144777,
    "balanced_accuracy": 0.5278379401965831,
    "f1_macro": 0.4768290379738105,
    "tp": 502.0,
    "tn": 355.0,
    "fp": 191.0,
    "fn": 736.0
  },
  "row_metrics": {
    "accuracy": 0.46987107623318386,
    "precision_pos": 0.7144954128440367,
    "recall_pos": 0.3931744749596123,
    "f1_pos": 0.5072293864790933,
    "precision_neg": 0.3187485830877352,
    "recall_neg": 0.6437728937728938,
    "f1_neg": 0.4263836239575436,
    "balanced_accuracy": 0.5184736843662531,
    "f1_macro": 0.46680650521831846,
    "tp": 1947.0,
    "tn": 1406.0,
    "fp": 778.0,
    "fn": 3005.0
  },
  "video_metrics": {
    "accuracy": 0.48038116591928254,
    "precision_pos": 0.7243867243867244,
    "recall_pos": 0.40549273021001614,
    "f1_pos": 0.5199378560331434,
    "precision_neg": 0.32538955087076077,
    "recall_neg": 0.6501831501831502,
    "f1_neg": 0.4337202199144777,
    "balanced_accuracy": 0.5278379401965831,
    "f1_macro": 0.4768290379738105,
    "tp": 502.0,
    "tn": 355.0,
    "fp": 191.0,
    "fn": 736.0
  },
  "model_kwargs": {
    "model_name": "tcn",
    "input_size": 300,
    "hidden_size": 192,
    "num_layers": 3,
    "dropout": 0.25,
    "num_heads": 4,
    "kernel_size": 5,
    "tcn_blocks": 4,
    "max_seq_len": 30
  }
}