{
  "manifest": "/home/bear/engagement-cpu/data/processed/runs/openface709_pca_manifests/pca128/feature_manifest.csv",
  "checkpoint": "/home/bear/engagement-cpu/scripts/../checkpoints/runs/train_all_pca128_20260601_095609/rnn_tiny_transformer/engagement_tiny_transformer.pt",
  "split": "test",
  "rows": 7136,
  "videos": 1784,
  "batch_size": 128,
  "threshold": 0.5,
  "aggregation": "video",
  "loss": 1.2138511134904597,
  "metrics": {
    "accuracy": 0.5016816143497758,
    "precision_pos": 0.7135862913096696,
    "recall_pos": 0.47092084006462037,
    "f1_pos": 0.567396593673966,
    "precision_neg": 0.32264736297828334,
    "recall_neg": 0.5714285714285714,
    "f1_neg": 0.4124256444150694,
    "balanced_accuracy": 0.5211747057465959,
    "f1_macro": 0.4899111190445177,
    "tp": 583.0,
    "tn": 312.0,
    "fp": 234.0,
    "fn": 655.0
  },
  "row_metrics": {
    "accuracy": 0.4981782511210762,
    "precision_pos": 0.7071622846781505,
    "recall_pos": 0.47253634894991925,
    "f1_pos": 0.5665173707783561,
    "precision_neg": 0.3174810556571727,
    "recall_neg": 0.5563186813186813,
    "f1_neg": 0.4042588587589419,
    "balanced_accuracy": 0.5144275151343003,
    "f1_macro": 0.48538811476864896,
    "tp": 2340.0,
    "tn": 1215.0,
    "fp": 969.0,
    "fn": 2612.0
  },
  "video_metrics": {
    "accuracy": 0.5016816143497758,
    "precision_pos": 0.7135862913096696,
    "recall_pos": 0.47092084006462037,
    "f1_pos": 0.567396593673966,
    "precision_neg": 0.32264736297828334,
    "recall_neg": 0.5714285714285714,
    "f1_neg": 0.4124256444150694,
    "balanced_accuracy": 0.5211747057465959,
    "f1_macro": 0.4899111190445177,
    "tp": 583.0,
    "tn": 312.0,
    "fp": 234.0,
    "fn": 655.0
  },
  "model_kwargs": {
    "model_name": "tiny_transformer",
    "input_size": 128,
    "hidden_size": 192,
    "num_layers": 3,
    "dropout": 0.25,
    "num_heads": 4,
    "kernel_size": 5,
    "tcn_blocks": 4,
    "max_seq_len": 30
  }
}