{
  "manifest": "/home/bear/engagement-cpu/data/processed/runs/daisee_binary_final_dataset/feature_manifest.csv",
  "checkpoint": "/home/bear/engagement-cpu/scripts/../checkpoints/runs/train_all_evolved_models_gpu_20260608_103248/rnn_residual_bigru_attn/engagement_residual_bigru_attn.pt",
  "split": "test",
  "rows": 17986,
  "videos": 1784,
  "batch_size": 128,
  "threshold": 0.5499999999999998,
  "aggregation": "video",
  "loss": 0.8351630788948066,
  "metrics": {
    "accuracy": 0.7202914798206278,
    "precision_pos": 0.8781985670419652,
    "recall_pos": 0.6930533117932148,
    "f1_pos": 0.7747178329571107,
    "precision_neg": 0.5291201982651796,
    "recall_neg": 0.782051282051282,
    "f1_neg": 0.631189948263119,
    "balanced_accuracy": 0.7375522969222484,
    "f1_macro": 0.7029538906101149,
    "tp": 858.0,
    "tn": 427.0,
    "fp": 119.0,
    "fn": 380.0
  },
  "row_metrics": {
    "accuracy": 0.6817524741465585,
    "precision_pos": 0.8521214642262895,
    "recall_pos": 0.655729833546735,
    "f1_pos": 0.7411360347322721,
    "precision_neg": 0.4860215053763441,
    "recall_neg": 0.740983606557377,
    "f1_neg": 0.5870129870129871,
    "balanced_accuracy": 0.698356720052056,
    "f1_macro": 0.6640745108726296,
    "tp": 8194.0,
    "tn": 4068.0,
    "fp": 1422.0,
    "fn": 4302.0
  },
  "video_metrics": {
    "accuracy": 0.7202914798206278,
    "precision_pos": 0.8781985670419652,
    "recall_pos": 0.6930533117932148,
    "f1_pos": 0.7747178329571107,
    "precision_neg": 0.5291201982651796,
    "recall_neg": 0.782051282051282,
    "f1_neg": 0.631189948263119,
    "balanced_accuracy": 0.7375522969222484,
    "f1_macro": 0.7029538906101149,
    "tp": 858.0,
    "tn": 427.0,
    "fp": 119.0,
    "fn": 380.0
  },
  "model_kwargs": {
    "model_name": "residual_bigru_attn",
    "input_size": 90,
    "hidden_size": 192,
    "num_layers": 3,
    "dropout": 0.25,
    "num_heads": 4,
    "kernel_size": 5,
    "tcn_blocks": 4,
    "max_seq_len": 30
  }
}