{
  "model_type": "xgboost",
  "manifest": "/home/bear/engagement-cpu/data/processed/runs/openface709_pca_manifests/pca192/feature_manifest.csv",
  "rows_used": 34284,
  "sample": false,
  "sample_videos": 10,
  "selected_threshold": 0.4700000000000001,
  "checkpoint_metric": "validation_accuracy",
  "threshold_objective": "accuracy",
  "validation_metrics": {
    "accuracy": 0.6303358992302309,
    "precision_neg": 0.6360179744210163,
    "recall_neg": 0.6344827586206897,
    "f1_neg": 0.635249438978077,
    "precision_pos": 0.624512929507616,
    "recall_pos": 0.6260653409090909,
    "f1_pos": 0.6252881716616422,
    "balanced_accuracy": 0.6302740497648903,
    "f2_pos": 0.6257542414992547,
    "tp": 1763.0,
    "tn": 1840.0,
    "fp": 1060.0,
    "fn": 1053.0
  },
  "test_metrics": {
    "accuracy": 0.5671244394618834,
    "precision_neg": 0.344555135692202,
    "recall_neg": 0.4592490842490842,
    "f1_neg": 0.39371933267909714,
    "precision_pos": 0.720473372781065,
    "recall_pos": 0.6147011308562197,
    "f1_pos": 0.6633976244960227,
    "balanced_accuracy": 0.536975107552652,
    "f2_pos": 0.6332958848250322,
    "tp": 3044.0,
    "tn": 1003.0,
    "fp": 1181.0,
    "fn": 1908.0
  },
  "best_iteration": 44,
  "feature_mode": "tsfresh",
  "cpu_workers": 2,
  "dim_reduction": "none",
  "dim_components": 128,
  "oversample": "none",
  "preprocessor_path": "/home/bear/engagement-cpu/checkpoints/runs/trainml_pca192_ml/engagement_xgb.preprocess.npz"
}