{
  "model_type": "xgboost",
  "manifest": "/home/bear/engagement-cpu/scripts/../checkpoints/runs/train_all_pca192_20260608_040014/ml_manifest.local.csv",
  "rows_used": 34284,
  "sample": false,
  "sample_videos": 10,
  "selected_threshold": 0.49000000000000005,
  "checkpoint_metric": "validation_accuracy",
  "threshold_objective": "accuracy",
  "validation_metrics": {
    "accuracy": 0.5939468159552135,
    "precision_neg": 0.6055413780532264,
    "recall_neg": 0.5727586206896552,
    "f1_neg": 0.5886939571150097,
    "precision_pos": 0.5832492431886983,
    "recall_pos": 0.6157670454545454,
    "f1_pos": 0.5990671964069788,
    "balanced_accuracy": 0.5942628330721003,
    "f2_pos": 0.6089766102409215,
    "tp": 1734.0,
    "tn": 1661.0,
    "fp": 1239.0,
    "fn": 1082.0
  },
  "test_metrics": {
    "accuracy": 0.5986547085201793,
    "precision_neg": 0.38666666666666666,
    "recall_neg": 0.5311355311355311,
    "f1_neg": 0.44753086419753085,
    "precision_pos": 0.7524177949709865,
    "recall_pos": 0.6284329563812601,
    "f1_pos": 0.6848591549295775,
    "balanced_accuracy": 0.5797842437583955,
    "f2_pos": 0.6498496491814233,
    "tp": 1556.0,
    "tn": 580.0,
    "fp": 512.0,
    "fn": 920.0
  },
  "best_iteration": 382,
  "feature_mode": "tsfresh",
  "cpu_workers": 2,
  "dim_reduction": "none",
  "dim_components": 128,
  "oversample": "none",
  "preprocessor_path": "/home/bear/engagement-cpu/checkpoints/runs/trainml_pca192_ml/engagement_xgb.preprocess.npz"
}