{
  "model_name": "xgboost",
  "model_family": "ml",
  "status": "success",
  "run_dir": "checkpoints/runs/train_all_4class_gpu_final/xgboost",
  "checkpoint_path": "checkpoints/runs/train_all_4class_gpu_final/xgboost/model.json",
  "model_kwargs": {
    "feature_mode": "tsfresh",
    "dim_reduction": "none",
    "dim_components": 128,
    "oversample": "none"
  },
  "objective": "balanced_accuracy",
  "best_epoch": 799,
  "best_score": 0.2866259654387362,
  "best_val_row_metrics": {
    "accuracy": 0.48103568929321205,
    "balanced_accuracy": 0.28691138582258424,
    "f1_macro": 0.29229833464272204,
    "precision_macro": 0.33490480250151056,
    "recall_macro": 0.28691138582258424,
    "precision_per_class": [
      0.23684210526315788,
      0.14531548757170173,
      0.5882212684787792,
      0.36924034869240346
    ],
    "recall_per_class": [
      0.0391304347826087,
      0.1062937062937063,
      0.6068880688806888,
      0.3953333333333333
    ],
    "f1_per_class": [
      0.06716417910447761,
      0.12277867528271405,
      0.5974088872744885,
      0.381841596909208
    ],
    "support_per_class": [
      230,
      1430,
      8130,
      4500
    ],
    "confusion_matrix": [
      [
        9,
        75,
        100,
        46
      ],
      [
        12,
        152,
        943,
        323
      ],
      [
        11,
        515,
        4934,
        2670
      ],
      [
        6,
        304,
        2411,
        1779
      ]
    ],
    "cross_entropy": 1.039153292000729
  },
  "best_val_video_metrics": {
    "accuracy": 0.5017494751574527,
    "balanced_accuracy": 0.2866259654387362,
    "f1_macro": 0.29360268794214395,
    "precision_macro": 0.5278775400553698,
    "recall_macro": 0.2866259654387362,
    "precision_per_class": [
      1.0,
      0.14705882352941177,
      0.5863192182410424,
      0.37813211845102507
    ],
    "recall_per_class": [
      0.043478260869565216,
      0.06993006993006994,
      0.6642066420664207,
      0.3688888888888889
    ],
    "f1_per_class": [
      0.08333333333333333,
      0.0947867298578199,
      0.6228373702422145,
      0.3734533183352081
    ],
    "support_per_class": [
      23,
      143,
      813,
      450
    ],
    "confusion_matrix": [
      [
        1,
        7,
        10,
        5
      ],
      [
        0,
        10,
        112,
        21
      ],
      [
        0,
        26,
        540,
        247
      ],
      [
        0,
        25,
        259,
        166
      ]
    ],
    "cross_entropy": 1.0045726631897534
  },
  "train_counts": [
    319,
    2256,
    25736,
    25452
  ],
  "val_counts": [
    230,
    1430,
    8130,
    4500
  ],
  "test_counts": [
    40,
    843,
    8853,
    8250
  ],
  "train_loss": null,
  "val_loss": 1.039153292000729,
  "test_loss": 0.7082406916247258,
  "train_row_metrics": null,
  "val_row_metrics": {
    "accuracy": 0.48103568929321205,
    "balanced_accuracy": 0.28691138582258424,
    "f1_macro": 0.29229833464272204,
    "precision_macro": 0.33490480250151056,
    "recall_macro": 0.28691138582258424,
    "precision_per_class": [
      0.23684210526315788,
      0.14531548757170173,
      0.5882212684787792,
      0.36924034869240346
    ],
    "recall_per_class": [
      0.0391304347826087,
      0.1062937062937063,
      0.6068880688806888,
      0.3953333333333333
    ],
    "f1_per_class": [
      0.06716417910447761,
      0.12277867528271405,
      0.5974088872744885,
      0.381841596909208
    ],
    "support_per_class": [
      230,
      1430,
      8130,
      4500
    ],
    "confusion_matrix": [
      [
        9,
        75,
        100,
        46
      ],
      [
        12,
        152,
        943,
        323
      ],
      [
        11,
        515,
        4934,
        2670
      ],
      [
        6,
        304,
        2411,
        1779
      ]
    ],
    "cross_entropy": 1.039153292000729
  },
  "val_video_metrics": {
    "accuracy": 0.5017494751574527,
    "balanced_accuracy": 0.2866259654387362,
    "f1_macro": 0.29360268794214395,
    "precision_macro": 0.5278775400553698,
    "recall_macro": 0.2866259654387362,
    "precision_per_class": [
      1.0,
      0.14705882352941177,
      0.5863192182410424,
      0.37813211845102507
    ],
    "recall_per_class": [
      0.043478260869565216,
      0.06993006993006994,
      0.6642066420664207,
      0.3688888888888889
    ],
    "f1_per_class": [
      0.08333333333333333,
      0.0947867298578199,
      0.6228373702422145,
      0.3734533183352081
    ],
    "support_per_class": [
      23,
      143,
      813,
      450
    ],
    "confusion_matrix": [
      [
        1,
        7,
        10,
        5
      ],
      [
        0,
        10,
        112,
        21
      ],
      [
        0,
        26,
        540,
        247
      ],
      [
        0,
        25,
        259,
        166
      ]
    ],
    "cross_entropy": 1.0045726631897534
  },
  "test_row_metrics": {
    "accuracy": 0.6910930723896364,
    "balanced_accuracy": 0.6558771955857021,
    "f1_macro": 0.6632592841042001,
    "precision_macro": 0.6867837857398055,
    "recall_macro": 0.6558771955857021,
    "precision_per_class": [
      0.7857142857142857,
      0.5586272640610105,
      0.6854980823053799,
      0.7172955108785458
    ],
    "recall_per_class": [
      0.55,
      0.6951364175563464,
      0.7469784253925223,
      0.6313939393939394
    ],
    "f1_per_class": [
      0.6470588235294118,
      0.6194503171247357,
      0.7149189189189189,
      0.6716090768437338
    ],
    "support_per_class": [
      40,
      843,
      8853,
      8250
    ],
    "confusion_matrix": [
      [
        22,
        5,
        9,
        4
      ],
      [
        2,
        586,
        184,
        71
      ],
      [
        4,
        258,
        6613,
        1978
      ],
      [
        0,
        200,
        2841,
        5209
      ]
    ],
    "cross_entropy": 0.7082406916247258
  },
  "test_video_metrics": {
    "accuracy": 0.7382286995515696,
    "balanced_accuracy": 0.7635176920891207,
    "f1_macro": 0.7726653856206291,
    "precision_macro": 0.7991096497709472,
    "recall_macro": 0.7635176920891207,
    "precision_per_class": [
      1.0,
      0.7029702970297029,
      0.7128712871287128,
      0.7805970149253731
    ],
    "recall_per_class": [
      0.75,
      0.8452380952380952,
      0.8163265306122449,
      0.6425061425061425
    ],
    "f1_per_class": [
      0.8571428571428571,
      0.7675675675675676,
      0.7610993657505285,
      0.7048517520215634
    ],
    "support_per_class": [
      4,
      84,
      882,
      814
    ],
    "confusion_matrix": [
      [
        3,
        0,
        1,
        0
      ],
      [
        0,
        71,
        10,
        3
      ],
      [
        0,
        18,
        720,
        144
      ],
      [
        0,
        12,
        279,
        523
      ]
    ],
    "cross_entropy": 0.6816177440912645
  },
  "latency": {
    "latency_kind": "processed_feature_sequence",
    "sample_feature_path": "data/processed/runs/baseline_pipeline_features/features/5000441001_seg0000.npy",
    "model_side": {
      "variant": "xgboost",
      "latency_ms_mean": 0.9439285799453501,
      "latency_ms_median": 0.9448534983675927,
      "latency_ms_p95": 1.0153189941775054,
      "latency_ms_min": 0.8410410082433373,
      "latency_ms_max": 1.3552149903262034
    },
    "end_to_end": {
      "variant": "xgboost",
      "latency_ms_mean": 3.883053140161792,
      "latency_ms_median": 3.860369004542008,
      "latency_ms_p95": 4.190899999230169,
      "latency_ms_min": 3.5019390052184463,
      "latency_ms_max": 4.560096000204794
    }
  },
  "feature_normalization": {
    "enabled": true,
    "preprocessor_path": "checkpoints/runs/train_all_4class_gpu_final/xgboost/preprocessor.npz"
  },
  "device": "cpu",
  "amp_enabled": false,
  "cpu_threads": 2
}