{
  "manifest": "data/processed/runs/pipeline_2/feature_manifest.local.csv",
  "checkpoint": "/home/bear/engagement-cpu/scripts/../checkpoints/runs/train_all_phase12_20260523_011612/rnn_tiny_transformer/engagement_tiny_transformer.pt",
  "split": "test",
  "rows": 17986,
  "videos": 1784,
  "batch_size": 128,
  "threshold": 0.30999999999999994,
  "aggregation": "video",
  "loss": 0.9796879161760272,
  "metrics": {
    "accuracy": 0.54652466367713,
    "precision_pos": 0.7396648044692737,
    "recall_pos": 0.5347334410339257,
    "f1_pos": 0.6207219878105954,
    "precision_neg": 0.35208098987626546,
    "recall_neg": 0.5732600732600732,
    "f1_neg": 0.4362369337979094,
    "balanced_accuracy": 0.5539967571469995,
    "f1_macro": 0.5284794608042525,
    "tp": 662.0,
    "tn": 313.0,
    "fp": 233.0,
    "fn": 576.0
  },
  "row_metrics": {
    "accuracy": 0.5234626932058267,
    "precision_pos": 0.7317274766796552,
    "recall_pos": 0.4959186939820743,
    "f1_pos": 0.5911757691390412,
    "precision_neg": 0.33813176421141117,
    "recall_neg": 0.5861566484517304,
    "f1_neg": 0.4288665289531552,
    "balanced_accuracy": 0.5410376712169024,
    "f1_macro": 0.5100211490460982,
    "tp": 6197.0,
    "tn": 3218.0,
    "fp": 2272.0,
    "fn": 6299.0
  },
  "video_metrics": {
    "accuracy": 0.54652466367713,
    "precision_pos": 0.7396648044692737,
    "recall_pos": 0.5347334410339257,
    "f1_pos": 0.6207219878105954,
    "precision_neg": 0.35208098987626546,
    "recall_neg": 0.5732600732600732,
    "f1_neg": 0.4362369337979094,
    "balanced_accuracy": 0.5539967571469995,
    "f1_macro": 0.5284794608042525,
    "tp": 662.0,
    "tn": 313.0,
    "fp": 233.0,
    "fn": 576.0
  },
  "model_kwargs": {
    "model_name": "tiny_transformer",
    "input_size": 90,
    "hidden_size": 192,
    "num_layers": 3,
    "dropout": 0.25,
    "num_heads": 4,
    "kernel_size": 5,
    "tcn_blocks": 4,
    "max_seq_len": 30
  }
}