{
  "manifest": "/home/bear/engagement-cpu/data/processed/runs/openface709_pca_manifests/pca160/feature_manifest.csv",
  "checkpoint": "/home/bear/engagement-cpu/scripts/../checkpoints/runs/train_all_pca160_20260601_101009/rnn_gru/engagement_gru.pt",
  "split": "test",
  "rows": 7136,
  "videos": 1784,
  "batch_size": 128,
  "threshold": 0.6799999999999997,
  "aggregation": "video",
  "loss": 1.2910390413395492,
  "metrics": {
    "accuracy": 0.4248878923766816,
    "precision_pos": 0.740909090909091,
    "recall_pos": 0.2633279483037157,
    "f1_pos": 0.3885578069129917,
    "precision_neg": 0.32142857142857145,
    "recall_neg": 0.7912087912087912,
    "f1_neg": 0.45714285714285713,
    "balanced_accuracy": 0.5272683697562535,
    "f1_macro": 0.42285033202792444,
    "tp": 326.0,
    "tn": 432.0,
    "fp": 114.0,
    "fn": 912.0
  },
  "row_metrics": {
    "accuracy": 0.42474775784753366,
    "precision_pos": 0.7253858435337945,
    "recall_pos": 0.27524232633279483,
    "f1_pos": 0.39906309471526863,
    "precision_neg": 0.31729123073996574,
    "recall_neg": 0.7637362637362637,
    "f1_neg": 0.4483268377906195,
    "balanced_accuracy": 0.5194892950345292,
    "f1_macro": 0.42369496625294406,
    "tp": 1363.0,
    "tn": 1668.0,
    "fp": 516.0,
    "fn": 3589.0
  },
  "video_metrics": {
    "accuracy": 0.4248878923766816,
    "precision_pos": 0.740909090909091,
    "recall_pos": 0.2633279483037157,
    "f1_pos": 0.3885578069129917,
    "precision_neg": 0.32142857142857145,
    "recall_neg": 0.7912087912087912,
    "f1_neg": 0.45714285714285713,
    "balanced_accuracy": 0.5272683697562535,
    "f1_macro": 0.42285033202792444,
    "tp": 326.0,
    "tn": 432.0,
    "fp": 114.0,
    "fn": 912.0
  },
  "model_kwargs": {
    "model_name": "gru",
    "input_size": 160,
    "hidden_size": 192,
    "num_layers": 3,
    "dropout": 0.25,
    "num_heads": 4,
    "kernel_size": 5,
    "tcn_blocks": 4,
    "max_seq_len": 30
  }
}