{
  "model_type": "xgboost",
  "manifest": "/home/bear/Documents/Workspace/Thesis20252/Engagement_DAiSEE/data/processed/runs/pipeline_0/feature_manifest.csv",
  "rows_used": 86039,
  "sample": false,
  "sample_videos": 10,
  "selected_threshold": 0.07,
  "checkpoint_metric": "validation_f1_pos",
  "validation_metrics": {
    "accuracy": 0.4980405878236529,
    "precision_neg": 0.7984496124031008,
    "recall_neg": 0.014206896551724139,
    "f1_neg": 0.02791706193251118,
    "precision_pos": 0.495304003954523,
    "recall_pos": 0.9963068181818182,
    "f1_pos": 0.6616669025045988,
    "balanced_accuracy": 0.5052568573667712,
    "f2_pos": 0.8286666194088042,
    "tp": 7014.0,
    "tn": 103.0,
    "fp": 7147.0,
    "fn": 26.0
  },
  "test_metrics": {
    "accuracy": 0.6974869342822195,
    "precision_neg": 0.8181818181818182,
    "recall_neg": 0.011475409836065573,
    "f1_neg": 0.0226333752469912,
    "precision_pos": 0.6969680049137306,
    "recall_pos": 0.9988796414852753,
    "f1_pos": 0.8210491695444828,
    "balanced_accuracy": 0.5051775256606704,
    "f2_pos": 0.9192405697200007,
    "tp": 12482.0,
    "tn": 63.0,
    "fp": 5427.0,
    "fn": 14.0
  },
  "best_iteration": 395
}