{
  "manifest": "data/processed/runs/pipeline_2/feature_manifest.csv",
  "checkpoint": "checkpoints/runs/train_smoke_tiny_transformer/engagement_gru.pt",
  "split": "test",
  "rows": 17986,
  "batch_size": 128,
  "threshold": 0.46999999999999986,
  "loss": 0.9640237796323843,
  "metrics": {
    "accuracy": 0.3653397086622929,
    "precision_pos": 0.7687717553455992,
    "recall_pos": 0.12371959026888604,
    "f1_pos": 0.2131384848693734,
    "precision_neg": 0.3145539906103286,
    "recall_neg": 0.9153005464480874,
    "f1_neg": 0.4682040531097135,
    "balanced_accuracy": 0.5195100683584868,
    "f1_macro": 0.3406712689895435,
    "tp": 1546.0,
    "tn": 5025.0,
    "fp": 465.0,
    "fn": 10950.0
  },
  "model_kwargs": {
    "model_name": "tiny_transformer",
    "input_size": 90,
    "hidden_size": 128,
    "num_layers": 2,
    "dropout": 0.3,
    "num_heads": 4,
    "kernel_size": 3,
    "tcn_blocks": 3,
    "max_seq_len": 30
  }
}