{
  "model_name": "cnn_gru_fusion",
  "model_family": "neural",
  "status": "success",
  "run_dir": "checkpoints/runs/train_all_4class_gpu_final/cnn_gru_fusion",
  "checkpoint_path": "checkpoints/runs/train_all_4class_gpu_final/cnn_gru_fusion/cnn_gru_fusion.pt",
  "model_kwargs": {
    "hidden_size": 128,
    "num_layers": 2,
    "dropout": 0.25,
    "kernel_size": 5,
    "input_size": 90,
    "num_heads": 4,
    "tcn_blocks": 4,
    "max_seq_len": 30,
    "num_classes": 4
  },
  "objective": "balanced_accuracy",
  "best_epoch": 1,
  "best_score": 0.3795323665763261,
  "best_val_row_metrics": {
    "accuracy": 0.2534639608117565,
    "balanced_accuracy": 0.35175024255563325,
    "f1_macro": 0.21816723234494972,
    "precision_macro": 0.2771251823011113,
    "recall_macro": 0.35175024255563325,
    "precision_per_class": [
      0.0337108953613808,
      0.11992521367521368,
      0.5706690296854231,
      0.3841955904824274
    ],
    "recall_per_class": [
      0.5434782608695652,
      0.313986013986014,
      0.15842558425584255,
      0.39111111111111113
    ],
    "f1_per_class": [
      0.06348400203148806,
      0.17356010823347506,
      0.24800231058053335,
      0.3876225085343024
    ],
    "support_per_class": [
      230,
      1430,
      8130,
      4500
    ],
    "confusion_matrix": [
      [
        125,
        83,
        10,
        12
      ],
      [
        565,
        449,
        160,
        256
      ],
      [
        2109,
        2180,
        1288,
        2553
      ],
      [
        909,
        1032,
        799,
        1760
      ]
    ],
    "cross_entropy": 1.4910168548433878
  },
  "best_val_video_metrics": {
    "accuracy": 0.26452064380685797,
    "balanced_accuracy": 0.3795323665763261,
    "f1_macro": 0.22772163096387205,
    "precision_macro": 0.2856938378484243,
    "recall_macro": 0.3795323665763261,
    "precision_per_class": [
      0.03926701570680628,
      0.12112676056338029,
      0.592741935483871,
      0.38963963963963966
    ],
    "recall_per_class": [
      0.6521739130434783,
      0.3006993006993007,
      0.18081180811808117,
      0.3844444444444444
    ],
    "f1_per_class": [
      0.07407407407407407,
      0.17269076305220885,
      0.2770970782280867,
      0.3870246085011186
    ],
    "support_per_class": [
      23,
      143,
      813,
      450
    ],
    "confusion_matrix": [
      [
        15,
        7,
        0,
        1
      ],
      [
        58,
        43,
        17,
        25
      ],
      [
        218,
        203,
        147,
        245
      ],
      [
        91,
        102,
        84,
        173
      ]
    ],
    "cross_entropy": 1.4402199192652176
  },
  "train_history": [
    {
      "epoch": 1,
      "train_loss": 1.2691737663496876,
      "train_accuracy": 0.42877071591987054,
      "train_balanced_accuracy": 0.39956364933595356,
      "train_f1_macro": 0.30512603696856044,
      "val_loss": 1.4151936769652316,
      "val_accuracy": 0.26452064380685797,
      "val_balanced_accuracy": 0.3795323665763261,
      "val_f1_macro": 0.22772163096387205,
      "val_row_loss": 1.4151936769652316,
      "val_row_accuracy": 0.2534639608117565,
      "val_row_balanced_accuracy": 0.35175024255563325,
      "val_row_f1_macro": 0.21816723234494972,
      "lr": 0.0003
    },
    {
      "epoch": 2,
      "train_loss": 1.1627805614201812,
      "train_accuracy": 0.4389821996540372,
      "train_balanced_accuracy": 0.4580396137537551,
      "train_f1_macro": 0.3361200049654296,
      "val_loss": 1.4179637044188524,
      "val_accuracy": 0.2561231630510847,
      "val_balanced_accuracy": 0.3505297218067954,
      "val_f1_macro": 0.2130553788918655,
      "val_row_loss": 1.4179637044188524,
      "val_row_accuracy": 0.24534639608117564,
      "val_row_balanced_accuracy": 0.3311103399693164,
      "val_row_f1_macro": 0.20412127768785523,
      "lr": 0.0003
    },
    {
      "epoch": 3,
      "train_loss": 1.1025683493131089,
      "train_accuracy": 0.46199058832282425,
      "train_balanced_accuracy": 0.4958659514226286,
      "train_f1_macro": 0.3559126919187632,
      "val_loss": 1.5143032693462493,
      "val_accuracy": 0.2456263121063681,
      "val_balanced_accuracy": 0.33590900614083674,
      "val_f1_macro": 0.20564324963660413,
      "val_row_loss": 1.5143032693462493,
      "val_row_accuracy": 0.24338698390482855,
      "val_row_balanced_accuracy": 0.32292692322028116,
      "val_row_f1_macro": 0.2041247088550898,
      "lr": 0.0003
    },
    {
      "epoch": 4,
      "train_loss": 1.0479390151059944,
      "train_accuracy": 0.4682216394174432,
      "train_balanced_accuracy": 0.5240623299266886,
      "train_f1_macro": 0.3656935721621771,
      "val_loss": 1.6556430583070256,
      "val_accuracy": 0.28481455563331,
      "val_balanced_accuracy": 0.3376241278375083,
      "val_f1_macro": 0.2327895761549712,
      "val_row_loss": 1.6556430583070256,
      "val_row_accuracy": 0.2756473058082575,
      "val_row_balanced_accuracy": 0.32498203916517726,
      "val_row_f1_macro": 0.2251702618817465,
      "lr": 0.0003
    },
    {
      "epoch": 5,
      "train_loss": 1.0128248225648588,
      "train_accuracy": 0.4770567118650373,
      "train_balanced_accuracy": 0.5457048931472201,
      "train_f1_macro": 0.3747516498258957,
      "val_loss": 1.6645895821802927,
      "val_accuracy": 0.28761371588523443,
      "val_balanced_accuracy": 0.3458302738849827,
      "val_f1_macro": 0.24383940473748975,
      "val_row_loss": 1.6645895821802927,
      "val_row_accuracy": 0.28264520643806856,
      "val_row_balanced_accuracy": 0.33543858502586243,
      "val_row_f1_macro": 0.23765158243586904,
      "lr": 0.00015
    },
    {
      "epoch": 6,
      "train_loss": 0.942699493025371,
      "train_accuracy": 0.4828041589941037,
      "train_balanced_accuracy": 0.5692773801289008,
      "train_f1_macro": 0.39124989169445556,
      "val_loss": 1.9029767388142933,
      "val_accuracy": 0.29531140657802657,
      "val_balanced_accuracy": 0.34014690026802974,
      "val_f1_macro": 0.2404028133705905,
      "val_row_loss": 1.9029767388142933,
      "val_row_accuracy": 0.2913226032190343,
      "val_row_balanced_accuracy": 0.3276000752193597,
      "val_row_f1_macro": 0.2344417559180575,
      "lr": 0.00015
    },
    {
      "epoch": 7,
      "train_loss": 0.9170288060159043,
      "train_accuracy": 0.4942432527946729,
      "train_balanced_accuracy": 0.5903924496053794,
      "train_f1_macro": 0.4057901213976589,
      "val_loss": 1.8839957985701137,
      "val_accuracy": 0.28551434569629114,
      "val_balanced_accuracy": 0.3290968740335017,
      "val_f1_macro": 0.2334733673027651,
      "val_row_loss": 1.8839957985701137,
      "val_row_accuracy": 0.2801259622113366,
      "val_row_balanced_accuracy": 0.3167441027785164,
      "val_row_f1_macro": 0.2277182232966003,
      "lr": 0.00015
    }
  ],
  "train_counts": [
    319,
    2256,
    25736,
    25452
  ],
  "val_counts": [
    230,
    1430,
    8130,
    4500
  ],
  "test_counts": [
    40,
    843,
    8853,
    8250
  ],
  "train_loss": 0.9170288060159043,
  "val_loss": 1.8839957985701137,
  "test_loss": 1.296016946910526,
  "train_row_metrics": {
    "accuracy": 0.4942432527946729,
    "balanced_accuracy": 0.5903924496053794,
    "f1_macro": 0.4057901213976589,
    "precision_macro": 0.3882472389624253,
    "recall_macro": 0.5903924496053794,
    "precision_per_class": [
      0.22264150943396227,
      0.12737080215764746,
      0.5889948813401582,
      0.6139817629179332
    ],
    "recall_per_class": [
      0.7398119122257053,
      0.648936170212766,
      0.39345663661796704,
      0.5793650793650794
    ],
    "f1_per_class": [
      0.34227701232777374,
      0.21294545454545455,
      0.47176667909057024,
      0.596171339626837
    ],
    "support_per_class": [
      319,
      2256,
      25736,
      25452
    ],