{
  "manifest": "/home/bear/engagement-cpu/data/processed/runs/openface709_pca_manifests/pca128/feature_manifest.csv",
  "model": "/home/bear/engagement-cpu/scripts/../checkpoints/runs/trainml_pca128_ml/engagement_xgb.json",
  "summary_json": "/home/bear/engagement-cpu/scripts/../checkpoints/runs/trainml_pca128_ml/engagement_xgb.summary.json",
  "backend": "xgboost",
  "split": "test",
  "rows": 7136,
  "videos": 1784,
  "feature_mode": "tsfresh",
  "threshold": 0.4700000000000001,
  "aggregation": "video",
  "metrics": {
    "accuracy": 0.5622197309417041,
    "precision_neg": 0.3464052287581699,
    "recall_neg": 0.48534798534798534,
    "f1_neg": 0.40427154843630814,
    "precision_pos": 0.7242394504416094,
    "recall_pos": 0.5961227786752827,
    "f1_pos": 0.6539654408506868,
    "balanced_accuracy": 0.5407353820116341,
    "f2_pos": 0.6179869368614972,
    "tp": 738.0,
    "tn": 265.0,
    "fp": 281.0,
    "fn": 500.0
  },
  "row_metrics": {
    "accuracy": 0.5533912556053812,
    "precision_neg": 0.33530377668308703,
    "recall_neg": 0.4674908424908425,
    "f1_neg": 0.3905144387072098,
    "precision_pos": 0.7157174285015888,
    "recall_pos": 0.5912762520193862,
    "f1_pos": 0.6475727081720668,
    "balanced_accuracy": 0.5293835472551143,
    "f2_pos": 0.6125779321310515,
    "tp": 2928.0,
    "tn": 1021.0,
    "fp": 1163.0,
    "fn": 2024.0
  },
  "video_metrics": {
    "accuracy": 0.5622197309417041,
    "precision_neg": 0.3464052287581699,
    "recall_neg": 0.48534798534798534,
    "f1_neg": 0.40427154843630814,
    "precision_pos": 0.7242394504416094,
    "recall_pos": 0.5961227786752827,
    "f1_pos": 0.6539654408506868,
    "balanced_accuracy": 0.5407353820116341,
    "f2_pos": 0.6179869368614972,
    "tp": 738.0,
    "tn": 265.0,
    "fp": 281.0,
    "fn": 500.0
  }
}