{
  "manifest": "/home/bear/engagement-cpu/data/processed/runs/openface709_pca_manifests/pca300/feature_manifest.csv",
  "checkpoint": "/home/bear/engagement-cpu/scripts/../checkpoints/runs/train_all_pca300_20260601_112041/rnn_tiny_transformer/engagement_tiny_transformer.pt",
  "split": "test",
  "rows": 7136,
  "videos": 1784,
  "batch_size": 128,
  "threshold": 0.8799999999999996,
  "aggregation": "video",
  "loss": 2.0219937031044553,
  "metrics": {
    "accuracy": 0.4781390134529148,
    "precision_pos": 0.7260677466863034,
    "recall_pos": 0.3982229402261712,
    "f1_pos": 0.5143453312467395,
    "precision_neg": 0.3257918552036199,
    "recall_neg": 0.6593406593406593,
    "f1_neg": 0.436099333737129,
    "balanced_accuracy": 0.5287817997834152,
    "f1_macro": 0.47522233249193424,
    "tp": 493.0,
    "tn": 360.0,
    "fp": 186.0,
    "fn": 745.0
  },
  "row_metrics": {
    "accuracy": 0.5049047085201793,
    "precision_pos": 0.7057118005218904,
    "recall_pos": 0.49151857835218093,
    "f1_pos": 0.5794548268063325,
    "precision_neg": 0.3170599403308923,
    "recall_neg": 0.5352564102564102,
    "f1_neg": 0.39822858116164195,
    "balanced_accuracy": 0.5133874943042955,
    "f1_macro": 0.48884170398398724,
    "tp": 2434.0,
    "tn": 1169.0,
    "fp": 1015.0,
    "fn": 2518.0
  },
  "video_metrics": {
    "accuracy": 0.4781390134529148,
    "precision_pos": 0.7260677466863034,
    "recall_pos": 0.3982229402261712,
    "f1_pos": 0.5143453312467395,
    "precision_neg": 0.3257918552036199,
    "recall_neg": 0.6593406593406593,
    "f1_neg": 0.436099333737129,
    "balanced_accuracy": 0.5287817997834152,
    "f1_macro": 0.47522233249193424,
    "tp": 493.0,
    "tn": 360.0,
    "fp": 186.0,
    "fn": 745.0
  },
  "model_kwargs": {
    "model_name": "tiny_transformer",
    "input_size": 300,
    "hidden_size": 192,
    "num_layers": 3,
    "dropout": 0.25,
    "num_heads": 4,
    "kernel_size": 5,
    "tcn_blocks": 4,
    "max_seq_len": 30
  }
}