{
  "manifest": "/home/bear/engagement-cpu/scripts/../checkpoints/runs/train_all_p2_full_20260522_185411/rnn_manifest.local.csv",
  "checkpoint": "/home/bear/engagement-cpu/scripts/../checkpoints/runs/train_all_p2_full_20260522_185411/rnn_tcn/engagement_tcn.pt",
  "split": "test",
  "rows": 17986,
  "batch_size": 128,
  "threshold": 0.14999999999999997,
  "loss": 1.1437941937627933,
  "metrics": {
    "accuracy": 0.6119203825197376,
    "precision_pos": 0.7206047032474804,
    "recall_pos": 0.7209507042253521,
    "f1_pos": 0.720777662212977,
    "precision_neg": 0.36415025528811085,
    "recall_neg": 0.363752276867031,
    "f1_neg": 0.36395115728084565,
    "balanced_accuracy": 0.5423514905461916,
    "f1_macro": 0.5423644097469114,
    "tp": 9009.0,
    "tn": 1997.0,
    "fp": 3493.0,
    "fn": 3487.0
  },
  "model_kwargs": {
    "model_name": "tcn",
    "input_size": 90,
    "hidden_size": 192,
    "num_layers": 3,
    "dropout": 0.25,
    "num_heads": 4,
    "kernel_size": 5,
    "tcn_blocks": 4,
    "max_seq_len": 30
  }
}