{
  "status": "success",
  "protocol": "validation_selected_triple_xgb_fusion",
  "manifest": "data/processed/runs/daisee_4class_final_dataset/feature_manifest.csv",
  "feature_mode": "tsfresh",
  "minimum_accuracy": 0.75,
  "minimum_balanced_accuracy": 0.75,
  "selected": {
    "weights": {
      "final_xgb": 0.9,
      "boost_xgb": 0.05,
      "targeted_xgb": 0.05
    },
    "bias_power": 0.3,
    "temperature": 0.85,
    "validation_metrics": {
      "accuracy": 0.44786564030790765,
      "balanced_accuracy": 0.3031158285891159,
      "f1_macro": 0.3003299309463928,
      "precision_macro": 0.32600087705721503,
      "recall_macro": 0.3031158285891159,
      "precision_per_class": [
        0.16666666666666666,
        0.17687074829931973,
        0.5915492957746479,
        0.36891679748822603
      ],
      "recall_per_class": [
        0.043478260869565216,
        0.18181818181818182,
        0.46494464944649444,
        0.5222222222222223
      ],
      "f1_per_class": [
        0.06896551724137931,
        0.1793103448275862,
        0.5206611570247934,
        0.43238270469181234
      ],
      "support_per_class": [
        23,
        143,
        813,
        450
      ],
      "confusion_matrix": [
        [
          1,
          9,
          8,
          5
        ],
        [
          2,
          26,
          77,
          38
        ],
        [
          2,
          74,
          378,
          359
        ],
        [
          1,
          38,
          176,
          235
        ]
      ],
      "cross_entropy": 1.0502654357588268
    }
  },
  "test_metrics": {
    "accuracy": 0.7415919282511211,
    "balanced_accuracy": 0.7759486063057492,
    "f1_macro": 0.7630035596023326,
    "precision_macro": 0.7752405107778819,
    "recall_macro": 0.7759486063057492,
    "precision_per_class": [
      1.0,
      0.592,
      0.7873711340206185,
      0.7215909090909091
    ],
    "recall_per_class": [
      0.75,
      0.8809523809523809,
      0.6927437641723356,
      0.7800982800982801
    ],
    "f1_per_class": [
      0.8571428571428571,
      0.7081339712918661,
      0.7370325693606755,
      0.7497048406139315
    ],
    "support_per_class": [
      4,
      84,
      882,
      814
    ],
    "confusion_matrix": [
      [
        3,
        0,
        1,
        0
      ],
      [
        0,
        74,
        7,
        3
      ],
      [
        0,
        29,
        611,
        242
      ],
      [
        0,
        22,
        157,
        635
      ]
    ],
    "cross_entropy": 0.6827707713175311
  },
  "latency": {
    "latency_kind": "processed_feature_sequence",
    "model_side": {
      "variant": "xgb_triple_fusion",
      "latency_ms_mean": 11.770451164957194,
      "latency_ms_median": 11.739787998521933,
      "latency_ms_p95": 12.19084200420184,
      "latency_ms_min": 11.227282004256267,
      "latency_ms_max": 12.818523995520081
    }
  },
  "sources": {
    "final_xgb": {
      "model": "checkpoints/runs/product_4class_fixed_triple_xgb/final_xgb/model.json",
      "preprocessor": "checkpoints/runs/product_4class_fixed_triple_xgb/final_xgb/preprocessor.npz"
    },
    "boost_xgb": {
      "model": "checkpoints/runs/product_4class_fixed_triple_xgb/boost_xgb/model.json",
      "preprocessor": "checkpoints/runs/product_4class_fixed_triple_xgb/boost_xgb/preprocessor.npz"
    },
    "targeted_xgb": {
      "model": "checkpoints/runs/product_4class_fixed_triple_xgb/targeted_xgb/model.json",
      "preprocessor": "checkpoints/runs/product_4class_fixed_triple_xgb/targeted_xgb/preprocessor.npz"
    }
  },
  "candidates_count": 4158,
  "note": "Weights, class bias, and temperature were selected on validation only; test was evaluated once after selection."
}