{
  "manifest": "/home/bear/engagement-cpu/data/processed/runs/openface709_pca_manifests/pca160/feature_manifest.csv",
  "model": "/home/bear/engagement-cpu/scripts/../checkpoints/runs/trainml_pca160_ml/engagement_xgb.json",
  "summary_json": "/home/bear/engagement-cpu/scripts/../checkpoints/runs/trainml_pca160_ml/engagement_xgb.summary.json",
  "backend": "xgboost",
  "split": "test",
  "rows": 7136,
  "videos": 1784,
  "feature_mode": "tsfresh",
  "threshold": 0.49000000000000005,
  "aggregation": "video",
  "metrics": {
    "accuracy": 0.5392376681614349,
    "precision_neg": 0.3413793103448276,
    "recall_neg": 0.5439560439560439,
    "f1_neg": 0.4194915254237288,
    "precision_pos": 0.7275711159737418,
    "recall_pos": 0.537156704361874,
    "f1_pos": 0.6180297397769516,
    "balanced_accuracy": 0.540556374158959,
    "f2_pos": 0.5668257756563246,
    "tp": 665.0,
    "tn": 297.0,
    "fp": 249.0,
    "fn": 573.0
  },
  "row_metrics": {
    "accuracy": 0.5424607623318386,
    "precision_neg": 0.33908901458767493,
    "recall_neg": 0.5215201465201466,
    "f1_neg": 0.4109687894641891,
    "precision_pos": 0.723325390521578,
    "recall_pos": 0.5516962843295639,
    "f1_pos": 0.6259594455264063,
    "balanced_accuracy": 0.5366082154248553,
    "f2_pos": 0.5791816832732668,
    "tp": 2732.0,
    "tn": 1139.0,
    "fp": 1045.0,
    "fn": 2220.0
  },
  "video_metrics": {
    "accuracy": 0.5392376681614349,
    "precision_neg": 0.3413793103448276,
    "recall_neg": 0.5439560439560439,
    "f1_neg": 0.4194915254237288,
    "precision_pos": 0.7275711159737418,
    "recall_pos": 0.537156704361874,
    "f1_pos": 0.6180297397769516,
    "balanced_accuracy": 0.540556374158959,
    "f2_pos": 0.5668257756563246,
    "tp": 665.0,
    "tn": 297.0,
    "fp": 249.0,
    "fn": 573.0
  }
}