{
  "manifest": "data/processed/runs/pipeline_2/feature_manifest.local.csv",
  "checkpoint": "/home/bear/engagement-cpu/scripts/../checkpoints/runs/train_all_phase12_20260523_011612/rnn_gru/engagement_gru.pt",
  "split": "test",
  "rows": 17986,
  "videos": 1784,
  "batch_size": 128,
  "threshold": 0.3199999999999999,
  "aggregation": "video",
  "loss": 1.1154591466274195,
  "metrics": {
    "accuracy": 0.500560538116592,
    "precision_pos": 0.748211731044349,
    "recall_pos": 0.42245557350565427,
    "f1_pos": 0.5400103252452245,
    "precision_neg": 0.34101382488479265,
    "recall_neg": 0.6776556776556777,
    "f1_neg": 0.4537093807480073,
    "balanced_accuracy": 0.550055625580666,
    "f1_macro": 0.49685985299661595,
    "tp": 523.0,
    "tn": 370.0,
    "fp": 176.0,
    "fn": 715.0
  },
  "row_metrics": {
    "accuracy": 0.48654509062604245,
    "precision_pos": 0.7425256581883088,
    "recall_pos": 0.3994878361075544,
    "f1_pos": 0.5194859253863364,
    "precision_neg": 0.33374766935985084,
    "recall_neg": 0.6846994535519125,
    "f1_neg": 0.4487554467856503,
    "balanced_accuracy": 0.5420936448297334,
    "f1_macro": 0.48412068608599335,
    "tp": 4992.0,
    "tn": 3759.0,
    "fp": 1731.0,
    "fn": 7504.0
  },
  "video_metrics": {
    "accuracy": 0.500560538116592,
    "precision_pos": 0.748211731044349,
    "recall_pos": 0.42245557350565427,
    "f1_pos": 0.5400103252452245,
    "precision_neg": 0.34101382488479265,
    "recall_neg": 0.6776556776556777,
    "f1_neg": 0.4537093807480073,
    "balanced_accuracy": 0.550055625580666,
    "f1_macro": 0.49685985299661595,
    "tp": 523.0,
    "tn": 370.0,
    "fp": 176.0,
    "fn": 715.0
  },
  "model_kwargs": {
    "model_name": "gru",
    "input_size": 90,
    "hidden_size": 192,
    "num_layers": 3,
    "dropout": 0.25,
    "num_heads": 4,
    "kernel_size": 5,
    "tcn_blocks": 4,
    "max_seq_len": 30
  }
}