{
  "model_type": "xgboost",
  "manifest": "/home/bear/engagement-cpu/scripts/../checkpoints/runs/train_all_train_all_20260530_040954/ml_manifest.local.csv",
  "rows_used": 86039,
  "sample": false,
  "sample_videos": 10,
  "selected_threshold": 0.49000000000000005,
  "checkpoint_metric": "validation_accuracy",
  "threshold_objective": "accuracy",
  "validation_metrics": {
    "accuracy": 0.6142757172848146,
    "precision_neg": 0.6109550561797753,
    "recall_neg": 0.66,
    "f1_neg": 0.6345312292799363,
    "precision_pos": 0.6183028801486529,
    "recall_pos": 0.5671875,
    "f1_pos": 0.5916432064009483,
    "balanced_accuracy": 0.6135937499999999,
    "f2_pos": 0.5767230920330464,
    "tp": 3993.0,
    "tn": 4785.0,
    "fp": 2465.0,
    "fn": 3047.0
  },
  "test_metrics": {
    "accuracy": 0.6809740909596352,
    "precision_neg": 0.48330191220037705,
    "recall_neg": 0.6537340619307832,
    "f1_neg": 0.5557448126354909,
    "precision_pos": 0.8199810606060606,
    "recall_pos": 0.6929417413572343,
    "f1_pos": 0.7511276891047883,
    "balanced_accuracy": 0.6733379016440088,
    "f2_pos": 0.7150997621564482,
    "tp": 8659.0,
    "tn": 3589.0,
    "fp": 1901.0,
    "fn": 3837.0
  },
  "best_iteration": 149,
  "feature_mode": "tsfresh",
  "cpu_workers": 2,
  "dim_reduction": "none",
  "dim_components": 128,
  "oversample": "none",
  "preprocessor_path": "/home/bear/engagement-cpu/checkpoints/runs/trainml_train_all_ml/engagement_xgb.preprocess.npz"
}