{
  "manifest": "/home/bear/engagement-cpu/data/processed/runs/openface709_pca_manifests/pca384/feature_manifest.csv",
  "checkpoint": "/home/bear/engagement-cpu/scripts/../checkpoints/runs/train_all_pca384_20260601_114342/rnn_gru_basic/engagement_gru_basic.pt",
  "split": "test",
  "rows": 7136,
  "videos": 1784,
  "batch_size": 128,
  "threshold": 0.5699999999999997,
  "aggregation": "video",
  "loss": 1.610081486103246,
  "metrics": {
    "accuracy": 0.5582959641255605,
    "precision_pos": 0.7163461538461539,
    "recall_pos": 0.6017770597738288,
    "f1_pos": 0.6540825285338017,
    "precision_neg": 0.33736559139784944,
    "recall_neg": 0.4597069597069597,
    "f1_neg": 0.3891472868217054,
    "balanced_accuracy": 0.5307420097403942,
    "f1_macro": 0.5216149076777535,
    "tp": 745.0,
    "tn": 251.0,
    "fp": 295.0,
    "fn": 493.0
  },
  "row_metrics": {
    "accuracy": 0.5533912556053812,
    "precision_pos": 0.7133188300700991,
    "recall_pos": 0.5959208400646203,
    "f1_pos": 0.6493563648366155,
    "precision_neg": 0.3327775925308436,
    "recall_neg": 0.45695970695970695,
    "f1_neg": 0.38510515145668534,
    "balanced_accuracy": 0.5264402735121636,
    "f1_macro": 0.5172307581466504,
    "tp": 2951.0,
    "tn": 998.0,
    "fp": 1186.0,
    "fn": 2001.0
  },
  "video_metrics": {
    "accuracy": 0.5582959641255605,
    "precision_pos": 0.7163461538461539,
    "recall_pos": 0.6017770597738288,
    "f1_pos": 0.6540825285338017,
    "precision_neg": 0.33736559139784944,
    "recall_neg": 0.4597069597069597,
    "f1_neg": 0.3891472868217054,
    "balanced_accuracy": 0.5307420097403942,
    "f1_macro": 0.5216149076777535,
    "tp": 745.0,
    "tn": 251.0,
    "fp": 295.0,
    "fn": 493.0
  },
  "model_kwargs": {
    "model_name": "gru_basic",
    "input_size": 384,
    "hidden_size": 192,
    "num_layers": 3,
    "dropout": 0.25,
    "num_heads": 4,
    "kernel_size": 5,
    "tcn_blocks": 4,
    "max_seq_len": 30
  }
}