{
  "manifest": "/home/bear/engagement-cpu/data/processed/runs/daisee_binary_final_dataset/feature_manifest.csv",
  "checkpoint": "/home/bear/engagement-cpu/scripts/../checkpoints/runs/train_all_evolved_models_gpu_20260608_103248/rnn_cnn_gru_fusion/engagement_cnn_gru_fusion.pt",
  "split": "test",
  "rows": 17986,
  "videos": 1784,
  "batch_size": 128,
  "threshold": 0.6399999999999997,
  "aggregation": "video",
  "loss": 0.7082699406243771,
  "metrics": {
    "accuracy": 0.6748878923766816,
    "precision_pos": 0.8647450110864745,
    "recall_pos": 0.630048465266559,
    "f1_pos": 0.7289719626168225,
    "precision_neg": 0.48072562358276644,
    "recall_neg": 0.7765567765567766,
    "f1_neg": 0.5938375350140056,
    "balanced_accuracy": 0.7033026209116677,
    "f1_macro": 0.661404748815414,
    "tp": 780.0,
    "tn": 424.0,
    "fp": 122.0,
    "fn": 458.0
  },
  "row_metrics": {
    "accuracy": 0.6472812187256756,
    "precision_pos": 0.8372067529050646,
    "recall_pos": 0.6111555697823303,
    "f1_pos": 0.7065408455916367,
    "precision_neg": 0.45182761732851984,
    "recall_neg": 0.7295081967213115,
    "f1_neg": 0.5580326041521527,
    "balanced_accuracy": 0.6703318832518209,
    "f1_macro": 0.6322867248718946,
    "tp": 7637.0,
    "tn": 4005.0,
    "fp": 1485.0,
    "fn": 4859.0
  },
  "video_metrics": {
    "accuracy": 0.6748878923766816,
    "precision_pos": 0.8647450110864745,
    "recall_pos": 0.630048465266559,
    "f1_pos": 0.7289719626168225,
    "precision_neg": 0.48072562358276644,
    "recall_neg": 0.7765567765567766,
    "f1_neg": 0.5938375350140056,
    "balanced_accuracy": 0.7033026209116677,
    "f1_macro": 0.661404748815414,
    "tp": 780.0,
    "tn": 424.0,
    "fp": 122.0,
    "fn": 458.0
  },
  "model_kwargs": {
    "model_name": "cnn_gru_fusion",
    "input_size": 90,
    "hidden_size": 192,
    "num_layers": 3,
    "dropout": 0.25,
    "num_heads": 4,
    "kernel_size": 5,
    "tcn_blocks": 4,
    "max_seq_len": 30
  }
}