{
  "status": "success",
  "protocol": "validation_selected_xgboost_accuracy_targeted_sweep",
  "manifest": "data/processed/runs/daisee_4class_final_dataset/feature_manifest.csv",
  "feature_mode": "tsfresh",
  "selection_objective": "balanced_accuracy",
  "minimum_accuracy": 0.76,
  "minimum_balanced_accuracy": 0.7,
  "selected": {
    "config": {
      "name": "strong_weight_d6",
      "weight_power": 0.5,
      "learning_rate": 0.03,
      "max_depth": 6,
      "min_child_weight": 4.0,
      "gamma": 0.25,
      "subsample": 0.8,
      "colsample_bytree": 0.8,
      "reg_lambda": 3.0
    },
    "rounds": 315,
    "bias_power": 0.4,
    "temperature": 1.0,
    "validation_metrics": {
      "accuracy": 0.45136459062281314,
      "balanced_accuracy": 0.3022215446994847,
      "f1_macro": 0.2990624038207118,
      "precision_macro": 0.29858215162086177,
      "recall_macro": 0.3022215446994847,
      "precision_per_class": [
        0.08695652173913043,
        0.14,
        0.5865257595772787,
        0.38084632516703787
      ],
      "recall_per_class": [
        0.08695652173913043,
        0.1958041958041958,
        0.5461254612546126,
        0.38
      ],
      "f1_per_class": [
        0.08695652173913043,
        0.16326530612244897,
        0.5656050955414013,
        0.3804226918798665
      ],
      "support_per_class": [
        23,
        143,
        813,
        450
      ],
      "confusion_matrix": [
        [
          2,
          12,
          6,
          3
        ],
        [
          4,
          28,
          88,
          23
        ],
        [
          7,
          110,
          444,
          252
        ],
        [
          10,
          50,
          219,
          171
        ]
      ],
      "cross_entropy": 1.0807858817196714
    }
  },
  "test_row_metrics": {
    "accuracy": 0.6428889135994662,
    "balanced_accuracy": 0.648118237294919,
    "f1_macro": 0.5779249062807604,
    "precision_macro": 0.5442486475284366,
    "recall_macro": 0.648118237294919,
    "precision_per_class": [
      0.46153846153846156,
      0.3668280871670702,
      0.6574103292310929,
      0.6912177121771218
    ],
    "recall_per_class": [
      0.6,
      0.7188612099644128,
      0.7059753755788998,
      0.5676363636363636
    ],
    "f1_per_class": [
      0.5217391304347826,
      0.4857715430861723,
      0.6808278867102396,
      0.623361064891847
    ],
    "support_per_class": [
      40,
      843,
      8853,
      8250
    ],
    "confusion_matrix": [
      [
        24,
        4,
        7,
        5
      ],
      [
        5,
        606,
        160,
        72
      ],
      [
        16,
        572,
        6250,
        2015
      ],
      [
        7,
        470,
        3090,
        4683
      ]
    ],
    "cross_entropy": 0.8583874720307066
  },
  "test_video_metrics": {
    "accuracy": 0.6827354260089686,
    "balanced_accuracy": 0.7128489807061236,
    "f1_macro": 0.704868998487779,
    "precision_macro": 0.7246607519206254,
    "recall_macro": 0.7128489807061236,
    "precision_per_class": [
      1.0,
      0.4921875,
      0.6733266733266733,
      0.7331288343558282
    ],
    "recall_per_class": [
      0.75,
      0.75,
      0.764172335600907,
      0.5872235872235873
    ],
    "f1_per_class": [
      0.8571428571428571,
      0.5943396226415094,
      0.7158789166224111,
      0.6521145975443383
    ],
    "support_per_class": [
      4,
      84,
      882,
      814
    ],
    "confusion_matrix": [
      [
        3,
        0,
        1,
        0
      ],
      [
        0,
        63,
        16,
        5
      ],
      [
        0,
        39,
        674,
        169
      ],
      [
        0,
        26,
        310,
        478
      ]
    ],
    "cross_entropy": 0.8445276890576399
  },
  "latency": {
    "latency_kind": "processed_feature_sequence",
    "sample_feature_path": "data/processed/runs/baseline_pipeline_features/features/5000441001_seg0000.npy",
    "model_side": {
      "variant": "accuracy_targeted_xgboost",
      "latency_ms_mean": 0.7887637047315366,
      "latency_ms_median": 0.7792504984536208,
      "latency_ms_p95": 0.8391779992962256,
      "latency_ms_min": 0.745821998862084,
      "latency_ms_max": 1.1774030062952079
    },
    "end_to_end": {
      "variant": "accuracy_targeted_xgboost",
      "latency_ms_mean": 4.342243039900495,
      "latency_ms_median": 4.301403001591098,
      "latency_ms_p95": 4.679735000536311,
      "latency_ms_min": 4.092110997589771,
      "latency_ms_max": 7.23799299885286
    }
  },
  "artifacts": {
    "model": "checkpoints/runs/accuracy_targeted_xgb_4class_20260616_124306/model.json",
    "preprocessor": "checkpoints/runs/accuracy_targeted_xgb_4class_20260616_124306/preprocessor.npz"
  },
  "candidates": [
    {
      "config": {
        "name": "strong_weight_d6",
        "weight_power": 0.5,
        "learning_rate": 0.03,
        "max_depth": 6,
        "min_child_weight": 4.0,
        "gamma": 0.25,
        "subsample": 0.8,
        "colsample_bytree": 0.8,
        "reg_lambda": 3.0
      },
      "selected_rounds": 315,
      "selected_bias_power": 0.4,
      "selected_temperature": 1.0,
      "validation_metrics": {
        "accuracy": 0.45136459062281314,
        "balanced_accuracy": 0.3022215446994847,
        "f1_macro": 0.2990624038207118,
        "precision_macro": 0.29858215162086177,
        "recall_macro": 0.3022215446994847,
        "precision_per_class": [
          0.08695652173913043,
          0.14,
          0.5865257595772787,
          0.38084632516703787
        ],
        "recall_per_class": [
          0.08695652173913043,
          0.1958041958041958,
          0.5461254612546126,
          0.38
        ],
        "f1_per_class": [
          0.08695652173913043,
          0.16326530612244897,
          0.5656050955414013,
          0.3804226918798665
        ],
        "support_per_class": [
          23,
          143,
          813,
          450
        ],
        "confusion_matrix": [
          [
            2,
            12,
            6,
            3
          ],
          [
            4,
            28,
            88,
            23
          ],
          [
            7,
            110,
            444,
            252
          ],
          [
            10,
            50,
            219,
            171
          ]
        ],
        "cross_entropy": 1.0807858817196714
      }
    }
  ],
  "note": "Validation selection prioritized balanced accuracy subject to minimum accuracy guardrail, with class-bias and temperature calibration swept on validation only."
}