{
  "manifest": "/home/bear/engagement-cpu/data/processed/runs/openface709_pca_manifests/pca192/feature_manifest.csv",
  "checkpoint": "/home/bear/engagement-cpu/scripts/../checkpoints/runs/train_all_pca192_20260601_102540/rnn_tiny_transformer/engagement_tiny_transformer.pt",
  "split": "test",
  "rows": 7136,
  "videos": 1784,
  "batch_size": 128,
  "threshold": 0.5999999999999998,
  "aggregation": "video",
  "loss": 1.2622989215658384,
  "metrics": {
    "accuracy": 0.4725336322869955,
    "precision_pos": 0.7004048582995951,
    "recall_pos": 0.41922455573505657,
    "f1_pos": 0.5245073269327943,
    "precision_neg": 0.31064237775647174,
    "recall_neg": 0.5934065934065934,
    "f1_neg": 0.407803650094399,
    "balanced_accuracy": 0.506315574570825,
    "f1_macro": 0.46615548851359667,
    "tp": 519.0,
    "tn": 324.0,
    "fp": 222.0,
    "fn": 719.0
  },
  "row_metrics": {
    "accuracy": 0.4777186098654709,
    "precision_pos": 0.6978998384491115,
    "recall_pos": 0.43618739903069464,
    "f1_pos": 0.5368460295762396,
    "precision_neg": 0.3090819104182133,
    "recall_neg": 0.5718864468864469,
    "f1_neg": 0.401285140562249,
    "balanced_accuracy": 0.5040369229585707,
    "f1_macro": 0.46906558506924434,
    "tp": 2160.0,
    "tn": 1249.0,
    "fp": 935.0,
    "fn": 2792.0
  },
  "video_metrics": {
    "accuracy": 0.4725336322869955,
    "precision_pos": 0.7004048582995951,
    "recall_pos": 0.41922455573505657,
    "f1_pos": 0.5245073269327943,
    "precision_neg": 0.31064237775647174,
    "recall_neg": 0.5934065934065934,
    "f1_neg": 0.407803650094399,
    "balanced_accuracy": 0.506315574570825,
    "f1_macro": 0.46615548851359667,
    "tp": 519.0,
    "tn": 324.0,
    "fp": 222.0,
    "fn": 719.0
  },
  "model_kwargs": {
    "model_name": "tiny_transformer",
    "input_size": 192,
    "hidden_size": 192,
    "num_layers": 3,
    "dropout": 0.25,
    "num_heads": 4,
    "kernel_size": 5,
    "tcn_blocks": 4,
    "max_seq_len": 30
  }
}