{
  "manifest": "data/processed/runs/daisee_4class_final_dataset/feature_manifest.csv",
  "run_root": "checkpoints/runs/train_all_4class_gpu_final",
  "models": {
    "gru": "checkpoints/runs/train_all_4class_gpu_final/gru/gru.pt",
    "tcn": "checkpoints/runs/train_all_4class_gpu_final/tcn/tcn.pt",
    "xgboost": "checkpoints/runs/train_all_4class_gpu_final/xgboost/model.json"
  },
  "video_counts": {
    "test": 1784
  },
  "selected": {
    "weights": {
      "gru": 0.1599999964237213,
      "tcn": 0.0,
      "xgboost": 0.8399999737739563
    }
  },
  "test_metrics": {
    "accuracy": 0.7303811659192825,
    "balanced_accuracy": 0.7649112470541042,
    "f1_macro": 0.7688399950091562,
    "precision_macro": 0.7909099963441335,
    "recall_macro": 0.7649112470541042,
    "precision_per_class": [
      1.0,
      0.6886792452830188,
      0.7106854838709677,
      0.7642752562225475
    ],
    "recall_per_class": [
      0.75,
      0.8690476190476191,
      0.7993197278911565,
      0.6412776412776413
    ],
    "f1_per_class": [
      0.8571428571428571,
      0.7684210526315789,
      0.7524012806830309,
      0.6973947895791583
    ],
    "support_per_class": [
      4,
      84,
      882,
      814
    ],
    "confusion_matrix": [
      [
        3,
        0,
        1,
        0
      ],
      [
        0,
        73,
        9,
        2
      ],
      [
        0,
        18,
        705,
        159
      ],
      [
        0,
        15,
        277,
        522
      ]
    ],
    "cross_entropy": 0.7369292395684299
  },
  "test_loss": 0.7369292395684299,
  "component_reports": {
    "gru": {
      "test": {
        "accuracy": 0.3963004484304933,
        "balanced_accuracy": 0.40837289051574766,
        "f1_macro": 0.30962704680465486,
        "precision_macro": 0.3299686848572927,
        "recall_macro": 0.40837289051574766,
        "precision_per_class": [
          0.14285714285714285,
          0.09010600706713781,
          0.5641509433962264,
          0.5227606461086637
        ],
        "recall_per_class": [
          0.25,
          0.6071428571428571,
          0.33900226757369617,
          0.43734643734643736
        ],
        "f1_per_class": [
          0.18181818181818182,
          0.15692307692307692,
          0.4235127478753541,
          0.4762541806020067
        ],
        "support_per_class": [
          4,
          84,
          882,
          814
        ],
        "confusion_matrix": [
          [
            1,
            2,
            0,
            1
          ],
          [
            2,
            51,
            13,
            18
          ],
          [
            4,
            273,
            299,
            306
          ],
          [
            0,
            240,
            218,
            356
          ]
        ],
        "cross_entropy": 1.1241867332763276
      }
    },
    "tcn": {
      "test": {
        "accuracy": 0.3570627802690583,
        "balanced_accuracy": 0.3337539766111195,
        "f1_macro": 0.2536440880327134,
        "precision_macro": 0.29103544087394484,
        "recall_macro": 0.3337539766111195,
        "precision_per_class": [
          0.0,
          0.10821643286573146,
          0.5369978858350951,
          0.5189274447949527
        ],
        "recall_per_class": [
          0.0,
          0.6428571428571429,
          0.28798185941043086,
          0.40417690417690416
        ],
        "f1_per_class": [
          0.0,
          0.18524871355060035,
          0.37490774907749075,
          0.4544198895027624
        ],
        "support_per_class": [
          4,
          84,
          882,
          814
        ],
        "confusion_matrix": [
          [
            0,
            3,
            0,
            1
          ],
          [
            5,
            54,
            16,
            9
          ],
          [
            90,
            243,
            254,
            295
          ],
          [
            83,
            199,
            203,
            329
          ]
        ],
        "cross_entropy": 1.1750343443245397
      }
    },
    "xgboost": {
      "test": {
        "accuracy": 0.7382286995515696,
        "balanced_accuracy": 0.7635176920891207,
        "f1_macro": 0.7726653856206291,
        "precision_macro": 0.7991096497709472,
        "recall_macro": 0.7635176920891207,
        "precision_per_class": [
          1.0,
          0.7029702970297029,
          0.7128712871287128,
          0.7805970149253731
        ],
        "recall_per_class": [
          0.75,
          0.8452380952380952,
          0.8163265306122449,
          0.6425061425061425
        ],
        "f1_per_class": [
          0.8571428571428571,
          0.7675675675675676,
          0.7610993657505285,
          0.7048517520215634
        ],
        "support_per_class": [
          4,
          84,
          882,
          814
        ],
        "confusion_matrix": [
          [
            3,
            0,
            1,
            0
          ],
          [
            0,
            71,
            10,
            3
          ],
          [
            0,
            18,
            720,
            144
          ],
          [
            0,
            12,
            279,
            523
          ]
        ],
        "cross_entropy": 0.6816177440912645
      }
    }
  },
  "latency": {
    "latency_kind": "processed_feature_sequence",
    "sample_feature_path": "data/processed/runs/baseline_pipeline_features/features/5000441001_seg0000.npy",
    "model_side": {
      "variant": "gru+tcn+xgboost",
      "latency_ms_mean": 435.99441961667554,
      "latency_ms_median": 73.05933750012628,
      "latency_ms_p95": 1868.0815570005507,
      "latency_ms_min": 28.53511399916897,
      "latency_ms_max": 2489.339329998984
    },
    "end_to_end": {
      "variant": "gru+tcn+xgboost",
      "latency_ms_mean": 1520.2991713582985,
      "latency_ms_median": 2238.501617998736,
      "latency_ms_p95": 2283.9631989991176,
      "latency_ms_min": 62.581862001025,
      "latency_ms_max": 2336.139668999749
    }
  },
  "note": "Weights were selected on holdout only; test is held out for final reporting."
}
