{
  "manifest": "/home/bear/engagement-cpu/data/processed/runs/openface709_pca_manifests/pca256/feature_manifest.csv",
  "checkpoint": "/home/bear/engagement-cpu/scripts/../checkpoints/runs/train_all_pca256_20260601_110040/rnn_tiny_transformer/engagement_tiny_transformer.pt",
  "split": "test",
  "rows": 7136,
  "videos": 1784,
  "batch_size": 128,
  "threshold": 0.5799999999999997,
  "aggregation": "video",
  "loss": 1.5427935112752187,
  "metrics": {
    "accuracy": 0.547645739910314,
    "precision_pos": 0.7228541882109617,
    "recall_pos": 0.5646203554119548,
    "f1_pos": 0.6340136054421769,
    "precision_neg": 0.3402692778457772,
    "recall_neg": 0.5091575091575091,
    "f1_neg": 0.4079236977256052,
    "balanced_accuracy": 0.5368889322847319,
    "f1_macro": 0.520968651583891,
    "tp": 699.0,
    "tn": 278.0,
    "fp": 268.0,
    "fn": 539.0
  },
  "row_metrics": {
    "accuracy": 0.5431614349775785,
    "precision_pos": 0.7206572769953051,
    "recall_pos": 0.557956381260097,
    "f1_pos": 0.6289551559298884,
    "precision_neg": 0.33706844336765596,
    "recall_neg": 0.5096153846153846,
    "f1_neg": 0.40576011666059053,
    "balanced_accuracy": 0.5337858829377408,
    "f1_macro": 0.5173576362952395,
    "tp": 2763.0,
    "tn": 1113.0,
    "fp": 1071.0,
    "fn": 2189.0
  },
  "video_metrics": {
    "accuracy": 0.547645739910314,
    "precision_pos": 0.7228541882109617,
    "recall_pos": 0.5646203554119548,
    "f1_pos": 0.6340136054421769,
    "precision_neg": 0.3402692778457772,
    "recall_neg": 0.5091575091575091,
    "f1_neg": 0.4079236977256052,
    "balanced_accuracy": 0.5368889322847319,
    "f1_macro": 0.520968651583891,
    "tp": 699.0,
    "tn": 278.0,
    "fp": 268.0,
    "fn": 539.0
  },
  "model_kwargs": {
    "model_name": "tiny_transformer",
    "input_size": 256,
    "hidden_size": 192,
    "num_layers": 3,
    "dropout": 0.25,
    "num_heads": 4,
    "kernel_size": 5,
    "tcn_blocks": 4,
    "max_seq_len": 30
  }
}