{
  "manifest": "data/processed/runs/daisee_4class_final_dataset/feature_manifest.csv",
  "xgb_run_root": "checkpoints/runs/train_all_4class_gpu_final",
  "models": {
    "inception_lite": "checkpoints/runs/inception_lite_ensemble_xgb/inception_lite/inception_lite.pt",
    "xgboost": "checkpoints/runs/train_all_4class_gpu_final/xgboost/model.json"
  },
  "video_counts": {
    "test": 1784
  },
  "selected": {
    "weights": {
      "inception_lite": 0.0,
      "xgboost": 1.0
    },
    "objective": "accuracy",
    "minimum_balanced_accuracy": 0.75,
    "balanced_accuracy_constraint_met": false
  },
  "test_metrics": {
    "accuracy": 0.7382286995515696,
    "balanced_accuracy": 0.7635176920891207,
    "f1_macro": 0.7726653856206291,
    "precision_macro": 0.7991096497709472,
    "recall_macro": 0.7635176920891207,
    "precision_per_class": [
      1.0,
      0.7029702970297029,
      0.7128712871287128,
      0.7805970149253731
    ],
    "recall_per_class": [
      0.75,
      0.8452380952380952,
      0.8163265306122449,
      0.6425061425061425
    ],
    "f1_per_class": [
      0.8571428571428571,
      0.7675675675675676,
      0.7610993657505285,
      0.7048517520215634
    ],
    "support_per_class": [
      4,
      84,
      882,
      814
    ],
    "confusion_matrix": [
      [
        3,
        0,
        1,
        0
      ],
      [
        0,
        71,
        10,
        3
      ],
      [
        0,
        18,
        720,
        144
      ],
      [
        0,
        12,
        279,
        523
      ]
    ],
    "cross_entropy": 0.6816177440912645
  },
  "test_loss": 0.6816177440912645,
  "component_reports": {
    "inception_lite": {
      "test": {
        "accuracy": 0.053251121076233185,
        "balanced_accuracy": 0.30381100023957164,
        "f1_macro": 0.12492082889669978,
        "precision_macro": 0.3513745749302947,
        "recall_macro": 0.30381100023957164,
        "precision_per_class": [
          0.00186219739292365,
          0.336734693877551,
          0.25,
          0.8169014084507042
        ],
        "recall_per_class": [
          0.75,
          0.39285714285714285,
          0.0011337868480725624,
          0.07125307125307126
        ],
        "f1_per_class": [
          0.0037151702786377707,
          0.3626373626373626,
          0.002257336343115124,
          0.1310734463276836
        ],
        "support_per_class": [
          4,
          84,
          882,
          814
        ],
        "confusion_matrix": [
          [
            3,
            1,
            0,
            0
          ],
          [
            51,
            33,
            0,
            0
          ],
          [
            830,
            38,
            1,
            13
          ],
          [
            727,
            26,
            3,
            58
          ]
        ],
        "cross_entropy": 1.4881337839073652
      }
    },
    "xgboost": {
      "test": {
        "accuracy": 0.7382286995515696,
        "balanced_accuracy": 0.7635176920891207,
        "f1_macro": 0.7726653856206291,
        "precision_macro": 0.7991096497709472,
        "recall_macro": 0.7635176920891207,
        "precision_per_class": [
          1.0,
          0.7029702970297029,
          0.7128712871287128,
          0.7805970149253731
        ],
        "recall_per_class": [
          0.75,
          0.8452380952380952,
          0.8163265306122449,
          0.6425061425061425
        ],
        "f1_per_class": [
          0.8571428571428571,
          0.7675675675675676,
          0.7610993657505285,
          0.7048517520215634
        ],
        "support_per_class": [
          4,
          84,
          882,
          814
        ],
        "confusion_matrix": [
          [
            3,
            0,
            1,
            0
          ],
          [
            0,
            71,
            10,
            3
          ],
          [
            0,
            18,
            720,
            144
          ],
          [
            0,
            12,
            279,
            523
          ]
        ],
        "cross_entropy": 0.6816177440912645
      }
    }
  },
  "latency": {
    "latency_kind": "processed_feature_sequence",
    "sample_feature_path": "data/processed/runs/baseline_pipeline_features/features/5000441001_seg0000.npy",
    "fusion_weights": {
      "inception_lite": 0.0,
      "xgboost": 1.0
    },
    "model_side": {
      "variant": "xgboost",
      "latency_ms_mean": 1.1843798753398005,
      "latency_ms_median": 1.067464501829818,
      "latency_ms_p95": 1.9744229939533398,
      "latency_ms_min": 0.9955160057870671,
      "latency_ms_max": 5.590087996097282
    },
    "end_to_end": {
      "variant": "xgboost",
      "latency_ms_mean": 5.1410133646277245,
      "latency_ms_median": 5.092438499559648,
      "latency_ms_p95": 5.644980992656201,
      "latency_ms_min": 4.516492001130246,
      "latency_ms_max": 6.429449000279419
    }
  },
  "inception_item": {
    "model_name": "inception_lite",
    "model_family": "neural",
    "status": "success",
    "run_dir": "checkpoints/runs/inception_lite_ensemble_xgb/inception_lite",
    "checkpoint_path": "checkpoints/runs/inception_lite_ensemble_xgb/inception_lite/inception_lite.pt",
    "model_kwargs": {
      "input_size": 90,
      "hidden_size": 160,
      "num_blocks": 4,
      "dropout": 0.2,
      "num_classes": 4
    },
    "objective": "accuracy",
    "best_epoch": 5,
    "best_score": {
      "feasible": 0,
      "objective_value": 0.034289713086074175,
      "balanced_accuracy": 0.21925813317117665,
      "f1_macro": 0.057101993515474236
    },
    "train_history": [
      {
        "epoch": 1,
        "train_loss": 2.0073799994978865,
        "train_accuracy": 0.017242341387199375,
        "train_balanced_accuracy": 0.26869488659741686,
        "train_f1_macro": 0.04401815159711461,
        "lr": 0.00025
      },
      {
        "epoch": 2,
        "train_loss": 1.945975502720081,
        "train_accuracy": 0.018339750385953164,
        "train_balanced_accuracy": 0.28911768898929957,
        "train_f1_macro": 0.0536709780313794,
        "lr": 0.00025
      },
      {
        "epoch": 3,
        "train_loss": 1.9141691159033947,
        "train_accuracy": 0.021799378754905792,
        "train_balanced_accuracy": 0.30231956746553695,
        "train_f1_macro": 0.05998767264170874,
        "lr": 0.00025
      },
      {
        "epoch": 4,
        "train_loss": 1.8897658796725327,
        "train_accuracy": 0.02700742146085598,
        "train_balanced_accuracy": 0.33071901481398513,
        "train_f1_macro": 0.06634212195255487,
        "lr": 0.00025
      },
      {
        "epoch": 5,
        "train_loss": 1.8685204392930679,
        "train_accuracy": 0.03033684876215985,
        "train_balanced_accuracy": 0.33699313855049284,
        "train_f1_macro": 0.07166194665324001,
        "lr": 0.00025
      },
      {
        "epoch": 6,
        "train_loss": 1.835857033421347,
        "train_accuracy": 0.03232706508193367,
        "train_balanced_accuracy": 0.35097050634577137,
        "train_f1_macro": 0.07850402413989495,
        "lr": 0.00025
      },
      {
        "epoch": 7,
        "train_loss": 1.8421974874151659,
        "train_accuracy": 0.03340587392816621,
        "train_balanced_accuracy": 0.3620730806509905,
        "train_f1_macro": 0.0799966031535216,
        "lr": 0.00025
      },
      {
        "epoch": 8,
        "train_loss": 1.8197869930789201,
        "train_accuracy": 0.03640049848408757,
        "train_balanced_accuracy": 0.3728466035306605,
        "train_f1_macro": 0.08527987069229201,
        "lr": 0.00025
      },
      {
        "epoch": 9,
        "train_loss": 1.806790237312522,
        "train_accuracy": 0.03530308948533378,
        "train_balanced_accuracy": 0.3775534676780511,
        "train_f1_macro": 0.08618596355341257,
        "lr": 0.00025
      },
      {
        "epoch": 10,