{
  "manifest": "/home/bear/engagement-cpu/data/processed/runs/openface709_pca_manifests/pca300/feature_manifest.csv",
  "model": "/home/bear/engagement-cpu/scripts/../checkpoints/runs/trainml_pca300_ml/engagement_xgb.json",
  "summary_json": "/home/bear/engagement-cpu/scripts/../checkpoints/runs/trainml_pca300_ml/engagement_xgb.summary.json",
  "backend": "xgboost",
  "split": "test",
  "rows": 7136,
  "videos": 1784,
  "feature_mode": "tsfresh",
  "threshold": 0.43000000000000005,
  "aggregation": "video",
  "metrics": {
    "accuracy": 0.5913677130044843,
    "precision_neg": 0.342512908777969,
    "recall_neg": 0.36446886446886445,
    "f1_neg": 0.3531499556344277,
    "precision_pos": 0.7115544472152951,
    "recall_pos": 0.691437802907916,
    "f1_pos": 0.7013519049569849,
    "balanced_accuracy": 0.5279533336883903,
    "f2_pos": 0.695369618196588,
    "tp": 856.0,
    "tn": 199.0,
    "fp": 347.0,
    "fn": 382.0
  },
  "row_metrics": {
    "accuracy": 0.5793161434977578,
    "precision_neg": 0.32843959731543626,
    "recall_neg": 0.3585164835164835,
    "f1_neg": 0.3428196147110333,
    "precision_pos": 0.7051767676767676,
    "recall_pos": 0.6766962843295639,
    "f1_pos": 0.6906430338004946,
    "balanced_accuracy": 0.5176063839230237,
    "f2_pos": 0.6822068403908795,
    "tp": 3351.0,
    "tn": 783.0,
    "fp": 1401.0,
    "fn": 1601.0
  },
  "video_metrics": {
    "accuracy": 0.5913677130044843,
    "precision_neg": 0.342512908777969,
    "recall_neg": 0.36446886446886445,
    "f1_neg": 0.3531499556344277,
    "precision_pos": 0.7115544472152951,
    "recall_pos": 0.691437802907916,
    "f1_pos": 0.7013519049569849,
    "balanced_accuracy": 0.5279533336883903,
    "f2_pos": 0.695369618196588,
    "tp": 856.0,
    "tn": 199.0,
    "fp": 347.0,
    "fn": 382.0
  }
}