{
  "model_name": "inception_lite",
  "model_family": "neural",
  "status": "success",
  "run_dir": "checkpoints/runs/inception_lite_ensemble_20260614_164824/inception_lite",
  "checkpoint_path": "checkpoints/runs/inception_lite_ensemble_20260614_164824/inception_lite/inception_lite.pt",
  "model_kwargs": {
    "input_size": 90,
    "hidden_size": 160,
    "num_blocks": 4,
    "dropout": 0.2,
    "num_classes": 4
  },
  "objective": "accuracy",
  "best_epoch": 5,
  "best_score": {
    "feasible": 0,
    "objective_value": 0.034289713086074175,
    "balanced_accuracy": 0.21925813317117665,
    "f1_macro": 0.057101993515474236
  },
  "best_val_video_metrics": {
    "accuracy": 0.034289713086074175,
    "balanced_accuracy": 0.21925813317117665,
    "f1_macro": 0.057101993515474236,
    "precision_macro": 0.1905064926878467,
    "recall_macro": 0.21925813317117665,
    "precision_per_class": [
      0.012859304084720122,
      0.18666666666666668,
      0.0,
      0.5625
    ],
    "recall_per_class": [
      0.7391304347826086,
      0.0979020979020979,
      0.0,
      0.04
    ],
    "f1_per_class": [
      0.025278810408921933,
      0.12844036697247707,
      0.0,
      0.07468879668049792
    ],
    "support_per_class": [
      23,
      143,
      813,
      450
    ],
    "confusion_matrix": [
      [
        17,
        6,
        0,
        0
      ],
      [
        129,
        14,
        0,
        0
      ],
      [
        764,
        35,
        0,
        14
      ],
      [
        412,
        20,
        0,
        18
      ]
    ],
    "cross_entropy": 1.6262241011976943
  },
  "train_history": [
    {
      "epoch": 1,
      "train_loss": 2.0073799994978865,
      "train_accuracy": 0.017242341387199375,
      "train_balanced_accuracy": 0.26869488659741686,
      "train_f1_macro": 0.04401815159711461,
      "val_loss": 2.1528255096926734,
      "val_accuracy": 0.016794961511546535,
      "val_balanced_accuracy": 0.25055555555555553,
      "val_f1_macro": 0.009048799125640472,
      "lr": 0.00025
    },
    {
      "epoch": 2,
      "train_loss": 1.945975502720081,
      "train_accuracy": 0.018339750385953164,
      "train_balanced_accuracy": 0.28911768898929957,
      "train_f1_macro": 0.0536709780313794,
      "val_loss": 2.1917172492676635,
      "val_accuracy": 0.01749475157452764,
      "val_balanced_accuracy": 0.24437519002736394,
      "val_f1_macro": 0.017203653340184085,
      "lr": 0.00025
    },
    {
      "epoch": 3,
      "train_loss": 1.9141691159033947,
      "train_accuracy": 0.021799378754905792,
      "train_balanced_accuracy": 0.30231956746553695,
      "train_f1_macro": 0.05998767264170874,
      "val_loss": 2.2065295081942793,
      "val_accuracy": 0.01819454163750875,
      "val_balanced_accuracy": 0.21756680517550084,
      "val_f1_macro": 0.02374322915942567,
      "lr": 0.00025
    },
    {
      "epoch": 4,
      "train_loss": 1.8897658796725327,
      "train_accuracy": 0.02700742146085598,
      "train_balanced_accuracy": 0.33071901481398513,
      "train_f1_macro": 0.06634212195255487,
      "val_loss": 2.2171482193294816,
      "val_accuracy": 0.01749475157452764,
      "val_balanced_accuracy": 0.23525387655822438,
      "val_f1_macro": 0.020439448134900357,
      "lr": 0.00025
    },
    {
      "epoch": 5,
      "train_loss": 1.8685204392930679,
      "train_accuracy": 0.03033684876215985,
      "train_balanced_accuracy": 0.33699313855049284,
      "train_f1_macro": 0.07166194665324001,
      "val_loss": 2.1868161013278202,
      "val_accuracy": 0.034289713086074175,
      "val_balanced_accuracy": 0.21925813317117665,
      "val_f1_macro": 0.057101993515474236,
      "lr": 0.00025
    },
    {
      "epoch": 6,
      "train_loss": 1.835857033421347,
      "train_accuracy": 0.03232706508193367,
      "train_balanced_accuracy": 0.35097050634577137,
      "train_f1_macro": 0.07850402413989495,
      "val_loss": 2.1806428193211804,
      "val_accuracy": 0.01749475157452764,
      "val_balanced_accuracy": 0.23525387655822438,
      "val_f1_macro": 0.01913312693498452,
      "lr": 0.00025
    },
    {
      "epoch": 7,
      "train_loss": 1.8421974874151659,
      "train_accuracy": 0.03340587392816621,
      "train_balanced_accuracy": 0.3620730806509905,
      "train_f1_macro": 0.0799966031535216,
      "val_loss": 2.174587164465742,
      "val_accuracy": 0.0244926522043387,
      "val_balanced_accuracy": 0.21505844397148743,
      "val_f1_macro": 0.04252850602324571,
      "lr": 0.00025
    },
    {
      "epoch": 8,
      "train_loss": 1.8197869930789201,
      "train_accuracy": 0.03640049848408757,
      "train_balanced_accuracy": 0.3728466035306605,
      "train_f1_macro": 0.08527987069229201,
      "val_loss": 2.159630876992281,
      "val_accuracy": 0.02099370188943317,
      "val_balanced_accuracy": 0.22575250836120403,
      "val_f1_macro": 0.033538481969986086,
      "lr": 0.00025
    },
    {
      "epoch": 9,
      "train_loss": 1.806790237312522,
      "train_accuracy": 0.03530308948533378,
      "train_balanced_accuracy": 0.3775534676780511,
      "train_f1_macro": 0.08618596355341257,
      "val_loss": 2.2336176762804443,
      "val_accuracy": 0.01819454163750875,
      "val_balanced_accuracy": 0.22788081483733658,
      "val_f1_macro": 0.021962233169129722,
      "lr": 0.00025
    },
    {
      "epoch": 10,
      "train_loss": 1.7786147450371037,
      "train_accuracy": 0.039357922734966425,
      "train_balanced_accuracy": 0.3960467648115157,
      "train_f1_macro": 0.0920457718857508,
      "val_loss": 2.220608158158288,
      "val_accuracy": 0.01819454163750875,
      "val_balanced_accuracy": 0.2461234417756157,
      "val_f1_macro": 0.019240731746802655,
      "lr": 0.000125
    },
    {
      "epoch": 11,
      "train_loss": 1.7626360881240555,
      "train_accuracy": 0.04123653813961275,
      "train_balanced_accuracy": 0.4053220043142158,
      "train_f1_macro": 0.09970901532636597,
      "val_loss": 2.19630965132076,
      "val_accuracy": 0.01959412176347096,
      "val_balanced_accuracy": 0.2013799330605042,
      "val_f1_macro": 0.029500366298791728,
      "lr": 0.000125
    },
    {
      "epoch": 12,
      "train_loss": 1.7447829004568023,
      "train_accuracy": 0.04224094637576028,
      "train_balanced_accuracy": 0.41476983146995444,
      "train_f1_macro": 0.10546949533390058,
      "val_loss": 2.2214043166438877,
      "val_accuracy": 0.020293911826452064,
      "val_balanced_accuracy": 0.24992744834714994,
      "val_f1_macro": 0.02386162511251861,
      "lr": 0.000125
    },
    {
      "epoch": 13,
      "train_loss": 1.730540463583962,
      "train_accuracy": 0.043375555679556574,
      "train_balanced_accuracy": 0.4246872237514454,
      "train_f1_macro": 0.10681006673913618,
      "val_loss": 2.2065077612164807,
      "val_accuracy": 0.021693491952414275,
      "val_balanced_accuracy": 0.24310994218181767,
      "val_f1_macro": 0.03237508274328823,
      "lr": 0.000125
    }
  ],
  "train_counts": [
    319,
    2256,
    25736,
    25452
  ],
  "val_counts": [
    230,
    1430,
    8130,
    4500
  ],
  "test_counts": [
    40,
    843,
    8853,
    8250
  ],
  "train_loss": 2.2788129759325306,
  "val_loss": 2.1868161013278202,
  "test_loss": 2.4056488909022,
  "train_row_metrics": {
    "accuracy": 0.08152446850064171,
    "balanced_accuracy": 0.340471278730111,
    "f1_macro": 0.13402373001629517,
    "precision_macro": 0.46404105312343696,
    "recall_macro": 0.340471278730111,
    "precision_per_class": [
      0.00622330951307968,
      0.2731394030978466,
      0.836,
      0.7408014998828216
    ],
    "recall_per_class": [
      0.9090909090909091,
      0.3204787234042553,
      0.008120920111905502,
      0.1241945623133742
    ],
    "f1_per_class": [
      0.012361993264845049,
      0.29492147664695084,
      0.016085584545524514,
      0.2127258656078603
    ],
    "support_per_class": [
      319,
      2256,
      25736,
      25452
    ],