{
  "manifest": "/home/bear/engagement-cpu/data/processed/runs/openface709_pca_manifests/pca256/feature_manifest.csv",
  "checkpoint": "/home/bear/engagement-cpu/scripts/../checkpoints/runs/train_all_pca256_20260601_110040/rnn_tcn/engagement_tcn.pt",
  "split": "test",
  "rows": 7136,
  "videos": 1784,
  "batch_size": 128,
  "threshold": 0.46999999999999986,
  "aggregation": "video",
  "loss": 1.2498558519132468,
  "metrics": {
    "accuracy": 0.5633408071748879,
    "precision_pos": 0.6987012987012987,
    "recall_pos": 0.6518578352180937,
    "f1_pos": 0.6744671959882992,
    "precision_neg": 0.314785373608903,
    "recall_neg": 0.3626373626373626,
    "f1_neg": 0.33702127659574466,
    "balanced_accuracy": 0.5072475989277282,
    "f1_macro": 0.5057442362920219,
    "tp": 807.0,
    "tn": 198.0,
    "fp": 348.0,
    "fn": 431.0
  },
  "row_metrics": {
    "accuracy": 0.5653026905829597,
    "precision_pos": 0.7052818464269862,
    "recall_pos": 0.6417609046849758,
    "f1_pos": 0.6720236836540495,
    "precision_neg": 0.32547528517110264,
    "recall_neg": 0.39194139194139194,
    "f1_neg": 0.35562941420855837,
    "balanced_accuracy": 0.5168511483131839,
    "f1_macro": 0.513826548931304,
    "tp": 3178.0,
    "tn": 856.0,
    "fp": 1328.0,
    "fn": 1774.0
  },
  "video_metrics": {
    "accuracy": 0.5633408071748879,
    "precision_pos": 0.6987012987012987,
    "recall_pos": 0.6518578352180937,
    "f1_pos": 0.6744671959882992,
    "precision_neg": 0.314785373608903,
    "recall_neg": 0.3626373626373626,
    "f1_neg": 0.33702127659574466,
    "balanced_accuracy": 0.5072475989277282,
    "f1_macro": 0.5057442362920219,
    "tp": 807.0,
    "tn": 198.0,
    "fp": 348.0,
    "fn": 431.0
  },
  "model_kwargs": {
    "model_name": "tcn",
    "input_size": 256,
    "hidden_size": 192,
    "num_layers": 3,
    "dropout": 0.25,
    "num_heads": 4,
    "kernel_size": 5,
    "tcn_blocks": 4,
    "max_seq_len": 30
  }
}