{
  "manifest": "/home/bear/engagement-cpu/scripts/../checkpoints/runs/train_all_pca300_20260608_043415/rnn_manifest.local.csv",
  "checkpoint": "/home/bear/engagement-cpu/scripts/../checkpoints/runs/train_all_pca300_20260608_043415/rnn_tcn/engagement_tcn.pt",
  "split": "test",
  "rows": 3568,
  "videos": 892,
  "batch_size": 128,
  "threshold": 0.6799999999999997,
  "aggregation": "video",
  "loss": 0.8842338058980591,
  "metrics": {
    "accuracy": 0.49887892376681614,
    "precision_pos": 0.7847682119205298,
    "recall_pos": 0.38287560581583197,
    "f1_pos": 0.5146579804560261,
    "precision_neg": 0.3525423728813559,
    "recall_neg": 0.7619047619047619,
    "f1_neg": 0.4820393974507532,
    "balanced_accuracy": 0.5723901838602969,
    "f1_macro": 0.49834868895338963,
    "tp": 237.0,
    "tn": 208.0,
    "fp": 65.0,
    "fn": 382.0
  },
  "row_metrics": {
    "accuracy": 0.4966367713004484,
    "precision_pos": 0.7639751552795031,
    "recall_pos": 0.3974151857835218,
    "f1_pos": 0.5228480340063761,
    "precision_neg": 0.3456140350877193,
    "recall_neg": 0.7216117216117216,
    "f1_neg": 0.46737841043890865,
    "balanced_accuracy": 0.5595134536976217,
    "f1_macro": 0.4951132222226424,
    "tp": 984.0,
    "tn": 788.0,
    "fp": 304.0,
    "fn": 1492.0
  },
  "video_metrics": {
    "accuracy": 0.49887892376681614,
    "precision_pos": 0.7847682119205298,
    "recall_pos": 0.38287560581583197,
    "f1_pos": 0.5146579804560261,
    "precision_neg": 0.3525423728813559,
    "recall_neg": 0.7619047619047619,
    "f1_neg": 0.4820393974507532,
    "balanced_accuracy": 0.5723901838602969,
    "f1_macro": 0.49834868895338963,
    "tp": 237.0,
    "tn": 208.0,
    "fp": 65.0,
    "fn": 382.0
  },
  "model_kwargs": {
    "model_name": "tcn",
    "input_size": 90,
    "hidden_size": 192,
    "num_layers": 3,
    "dropout": 0.25,
    "num_heads": 4,
    "kernel_size": 5,
    "tcn_blocks": 4,
    "max_seq_len": 30
  }
}