{
  "model_type": "xgboost",
  "manifest": "/home/bear/engagement-cpu/data/processed/runs/openface709_pca_manifests/pca160/feature_manifest.csv",
  "rows_used": 34284,
  "sample": false,
  "sample_videos": 10,
  "selected_threshold": 0.49000000000000005,
  "checkpoint_metric": "validation_accuracy",
  "threshold_objective": "accuracy",
  "validation_metrics": {
    "accuracy": 0.6277116864940517,
    "precision_neg": 0.6236386931454196,
    "recall_neg": 0.6713793103448276,
    "f1_neg": 0.6466290269013617,
    "precision_pos": 0.6326137239784118,
    "recall_pos": 0.5827414772727273,
    "f1_pos": 0.6066543438077634,
    "balanced_accuracy": 0.6270603938087774,
    "f2_pos": 0.5920767787559532,
    "tp": 1641.0,
    "tn": 1947.0,
    "fp": 953.0,
    "fn": 1175.0
  },
  "test_metrics": {
    "accuracy": 0.5424607623318386,
    "precision_neg": 0.33908901458767493,
    "recall_neg": 0.5215201465201466,
    "f1_neg": 0.4109687894641891,
    "precision_pos": 0.723325390521578,
    "recall_pos": 0.5516962843295639,
    "f1_pos": 0.6259594455264063,
    "balanced_accuracy": 0.5366082154248553,
    "f2_pos": 0.5791816832732668,
    "tp": 2732.0,
    "tn": 1139.0,
    "fp": 1045.0,
    "fn": 2220.0
  },
  "best_iteration": 37,
  "feature_mode": "tsfresh",
  "cpu_workers": 2,
  "dim_reduction": "none",
  "dim_components": 128,
  "oversample": "none",
  "preprocessor_path": "/home/bear/engagement-cpu/checkpoints/runs/trainml_pca160_ml/engagement_xgb.preprocess.npz"
}